<?xml version="1.0"?>
<!--This file was created with the Microsoft Visual Programming Language.-->
<Manifest xmlns:consoleviewer="http://www.robubox.com/gui/consoleviewer.html" xmlns:explorerviewer="http://www.robubox.com/navigation/gui/explorerviewer.html" xmlns:planner="http://www.robubox.com/navigation/karto/planner.html" xmlns:mapviewer="http://www.robubox.com/gui/mapviewer.html" xmlns:this="urn:uuid:f2b66b8d-76da-411d-a9b5-be98cfe66f55" xmlns:mapmanager="http://www.robubox.com/navigation/mapmanager.html" xmlns:dockingstation="http://www.robubox.com/algorithms/dockingstation.html" xmlns:obstacleavoidance="http://www.robosoft.com/navigation/obstacleavoidance.html" xmlns:differentialdrivemotionmanagerviewer="http://www.robubox.com/navigation/gui/differentialdrivemotionmanagerviewer.html" xmlns:mapmanagerviewer="http://www.robubox.com/navigation/gui/mapmanagerviewer.html" xmlns:differentialdrivetrajectoryfollower="http://www.robubox.com/algorithms/differentialdrivetrajectoryfollower.html" xmlns:laserviewer="http://www.robubox.com/gui/laserviewer.html" xmlns:dashboard="http://www.robubox.com/gui/dashboard.html" xmlns:differentialdrivemotionmanager="http://www.robubox.com/navigation/differentialdrivemotionmanager.html" xmlns:mapperviewer="http://www.robubox.com/navigation/gui/mapperviewer.html" xmlns:localizationviewer="http://robubox/gui/localizationviewer.html" xmlns:explorer="http://www.robubox.com/navigation/karto/explorer.html" xmlns:differentialrobotcollisiondetection="http://www.robubox.com/kompai/differentialrobotcollisiondetection.html" xmlns:dssp="http://schemas.microsoft.com/xw/2004/10/dssp.html" xmlns:mapper="http://www.robubox.com/navigation/karto/mapper.html" xmlns="http://schemas.microsoft.com/xw/2004/10/manifest.html">
  <CreateServiceList>
    <ServiceRecordType>
      <dssp:Contract>http://www.robubox.com/kompai/differentialrobotcollisiondetection.html</dssp:Contract>
      <dssp:Service>http://localhost:80/algorithms/collisiondetection</dssp:Service>
      <dssp:PartnerList>
        <dssp:Partner>
          <dssp:Contract>http://www.robubox.com/kompai/differentialrobotcollisiondetection.html</dssp:Contract>
          <dssp:Service>collisiondetection.config.xml</dssp:Service>
          <dssp:PartnerList />
          <dssp:Name>dssp:StateService</dssp:Name>
        </dssp:Partner>
        <dssp:Partner>
          <dssp:Contract>http://www.robubox.com/core/devices/differentialdrive.html</dssp:Contract>
          <dssp:Service>http://localhost:50000/robulab/differential/differentialdrive</dssp:Service>
          <dssp:PartnerList />
          <dssp:Name>differentialrobotcollisiondetection:differantialdrive</dssp:Name>
        </dssp:Partner>
      </dssp:PartnerList>
      <Name>this:CollisionDetection</Name>
    </ServiceRecordType>
    <ServiceRecordType>
      <dssp:Contract>http://www.robubox.com/algorithms/differentialdrivetrajectoryfollower.html</dssp:Contract>
      <dssp:Service>http://localhost:80/algorithms/dockingtrajectoryfollower</dssp:Service>
      <dssp:PartnerList>
        <dssp:Partner>
          <dssp:Contract>http://www.robubox.com/algorithms/differentialdrivetrajectoryfollower.html</dssp:Contract>
          <dssp:Service>dockingtrajectoryfollower.config.xml</dssp:Service>
          <dssp:PartnerList />
          <dssp:Name>dssp:StateService</dssp:Name>
        </dssp:Partner>
        <dssp:Partner>
          <dssp:Contract>http://www.robubox.com/core/devices/differentialdrive.html</dssp:Contract>
          <dssp:Service>http://localhost:50000/robulab/differential/differentialdrive</dssp:Service>
          <dssp:PartnerList />
          <dssp:Name>differentialdrivetrajectoryfollower:differentialdrive</dssp:Name>
        </dssp:Partner>
      </dssp:PartnerList>
      <Name>this:DockingTrajectoryFollower</Name>
    </ServiceRecordType>
    <ServiceRecordType>
      <dssp:Contract>http://www.robubox.com/algorithms/dockingstation.html</dssp:Contract>
      <dssp:Service>http://localhost:80/algorithms/dockingstation</dssp:Service>
      <dssp:PartnerList>
        <dssp:Partner>
          <dssp:Contract>http://www.robubox.com/algorithms/dockingstation.html</dssp:Contract>
          <dssp:Service>dockingstation.config.xml</dssp:Service>
          <dssp:PartnerList />
          <dssp:Name>dssp:StateService</dssp:Name>
        </dssp:Partner>
        <dssp:Partner>
          <dssp:Contract>http://www.robubox.com/core/control/trajectoryfollower.html</dssp:Contract>
          <dssp:PartnerList />
          <dssp:Name>dockingstation:follower</dssp:Name>
          <dssp:ServiceName>this:DockingTrajectoryFollower</dssp:ServiceName>
        </dssp:Partner>
      </dssp:PartnerList>
      <Name>this:DockingStation</Name>
    </ServiceRecordType>
    <ServiceRecordType>
      <dssp:Contract>http://www.robubox.com/navigation/differentialdrivemotionmanager.html</dssp:Contract>
      <dssp:Service>http://localhost:80/navigation/motionmanager</dssp:Service>
      <dssp:PartnerList>
        <dssp:Partner>
          <dssp:Contract>http://www.robubox.com/core/control/trajectoryfollower.html</dssp:Contract>
          <dssp:Service>http://localhost:50000/robulab/trajectoryfollower/trajectoryfollower</dssp:Service>
          <dssp:PartnerList />
          <dssp:Name>differentialdrivemotionmanager:follower</dssp:Name>
        </dssp:Partner>
        <dssp:Partner>
          <dssp:Contract>http://www.robubox.com/algorithms/dockingstation.html</dssp:Contract>
          <dssp:PartnerList />
          <dssp:Name>differentialdrivemotionmanager:dockingstation</dssp:Name>
          <dssp:ServiceName>this:DockingStation</dssp:ServiceName>
        </dssp:Partner>
        <dssp:Partner>
          <dssp:Contract>http://www.robubox.com/navigation/karto/planner.html</dssp:Contract>
          <dssp:PartnerList />
          <dssp:Name>differentialdrivemotionmanager:planner</dssp:Name>
          <dssp:ServiceName>this:Planner</dssp:ServiceName>
        </dssp:Partner>
      </dssp:PartnerList>
      <Name>this:MotionManager</Name>
    </ServiceRecordType>
    <ServiceRecordType>
      <dssp:Contract>http://www.robubox.com/navigation/karto/planner.html</dssp:Contract>
      <dssp:Service>http://localhost:80/navigation/planner</dssp:Service>
      <dssp:PartnerList>
        <dssp:Partner>
          <dssp:Contract>http://www.robubox.com/navigation/karto/planner.html</dssp:Contract>
          <dssp:Service>planner.config.xml</dssp:Service>
          <dssp:PartnerList />
          <dssp:Name>dssp:StateService</dssp:Name>
        </dssp:Partner>
        <dssp:Partner>
          <dssp:Contract>http://www.robubox.com/navigation/mapmanager.html</dssp:Contract>
          <dssp:PartnerList />
          <dssp:Name>planner:mapmanager</dssp:Name>
          <dssp:ServiceName>this:MapManager</dssp:ServiceName>
        </dssp:Partner>
      </dssp:PartnerList>
      <Name>this:Planner</Name>
    </ServiceRecordType>
    <ServiceRecordType>
      <dssp:Contract>http://www.robubox.com/navigation/mapmanager.html</dssp:Contract>
      <dssp:Service>http://localhost:80/navigation/mapmanager</dssp:Service>
      <dssp:PartnerList>
        <dssp:Partner>
          <dssp:Contract>http://www.robubox.com/navigation/mapmanager.html</dssp:Contract>
          <dssp:Service>mapmanager.config.xml</dssp:Service>
          <dssp:PartnerList />
          <dssp:Name>dssp:StateService</dssp:Name>
        </dssp:Partner>
      </dssp:PartnerList>
      <Name>this:MapManager</Name>
    </ServiceRecordType>
    <ServiceRecordType>
      <dssp:Contract>http://www.robosoft.com/navigation/obstacleavoidance.html</dssp:Contract>
      <dssp:Service>http://localhost:80/navigation/obstacleavoidance</dssp:Service>
      <dssp:PartnerList>
        <dssp:Partner>
          <dssp:Contract>http://www.robosoft.com/navigation/obstacleavoidance.html</dssp:Contract>
          <dssp:Service>obstacleavoidance.config.xml</dssp:Service>
          <dssp:PartnerList />
          <dssp:Name>dssp:StateService</dssp:Name>
        </dssp:Partner>
        <dssp:Partner>
          <dssp:Contract>http://www.robubox.com/navigation/karto/planner.html</dssp:Contract>
          <dssp:PartnerList />
          <dssp:Name>obstacleavoidance:Planner</dssp:Name>
          <dssp:ServiceName>this:Planner</dssp:ServiceName>
        </dssp:Partner>
      </dssp:PartnerList>
      <Name>this:ObstacleAvoidance</Name>
    </ServiceRecordType>
    <ServiceRecordType>
      <dssp:Contract>http://www.robubox.com/navigation/karto/mapper.html</dssp:Contract>
      <dssp:PartnerList>
        <dssp:Partner>
          <dssp:Contract>http://www.robubox.com/navigation/karto/mapper.html</dssp:Contract>
          <dssp:Service>mapper.config.xml</dssp:Service>
          <dssp:PartnerList />
          <dssp:Name>dssp:StateService</dssp:Name>
        </dssp:Partner>
        <dssp:Partner>
          <dssp:Contract>http://www.robubox.com/core/devices/differentialdrive.html</dssp:Contract>
          <dssp:PartnerList />
          <dssp:Name>mapper:drive</dssp:Name>
          <dssp:ServiceName>this:CollisionDetection</dssp:ServiceName>
        </dssp:Partner>
      </dssp:PartnerList>
      <Name>this:Mapper</Name>
    </ServiceRecordType>
    <ServiceRecordType>
      <dssp:Contract>http://www.robubox.com/navigation/karto/explorer.html</dssp:Contract>
      <dssp:Service>http://localhost:80/karto/explorer</dssp:Service>
      <dssp:PartnerList>
        <dssp:Partner>
          <dssp:Contract>http://www.robubox.com/navigation/mapmanager.html</dssp:Contract>
          <dssp:PartnerList />
          <dssp:Name>explorer:mapmanager</dssp:Name>
          <dssp:ServiceName>this:MapManager</dssp:ServiceName>
        </dssp:Partner>
        <dssp:Partner>
          <dssp:Contract>http://www.robubox.com/navigation/differentialdrivemotionmanager.html</dssp:Contract>
          <dssp:PartnerList />
          <dssp:Name>explorer:motionmanager</dssp:Name>
          <dssp:ServiceName>this:MotionManager</dssp:ServiceName>
        </dssp:Partner>
      </dssp:PartnerList>
      <Name>this:Explorer</Name>
    </ServiceRecordType>
    <ServiceRecordType>
      <dssp:Contract>http://www.robubox.com/gui/dashboard.html</dssp:Contract>
      <dssp:Service>http://localhost:80/gui/dashboard</dssp:Service>
      <dssp:PartnerList>
        <dssp:Partner>
          <dssp:Contract>http://www.robubox.com/gui/dashboard.html</dssp:Contract>
          <dssp:Service>dashboardservice.config.xml</dssp:Service>
          <dssp:PartnerList />
          <dssp:Name>dssp:StateService</dssp:Name>
        </dssp:Partner>
      </dssp:PartnerList>
      <Name>this:Dashboardservice</Name>
    </ServiceRecordType>
    <ServiceRecordType>
      <dssp:Contract>http://www.robubox.com/gui/mapviewer.html</dssp:Contract>
      <dssp:Service>http://localhost:80/gui/mapviewer</dssp:Service>
      <dssp:PartnerList>
        <dssp:Partner>
          <dssp:Contract>http://www.robubox.com/gui/dashboard.html</dssp:Contract>
          <dssp:PartnerList />
          <dssp:Name>mapviewer:dashboard</dssp:Name>
          <dssp:ServiceName>this:Dashboardservice</dssp:ServiceName>
        </dssp:Partner>
      </dssp:PartnerList>
      <Name>this:MapViewer</Name>
    </ServiceRecordType>
    <ServiceRecordType>
      <dssp:Contract>http://www.robubox.com/gui/consoleviewer.html</dssp:Contract>
      <dssp:Service>http://localhost:80/gui/consoleviewer</dssp:Service>
      <dssp:PartnerList>
        <dssp:Partner>
          <dssp:Contract>http://www.robubox.com/gui/dashboard.html</dssp:Contract>
          <dssp:PartnerList />
          <dssp:Name>consoleviewer:dashboard</dssp:Name>
          <dssp:ServiceName>this:Dashboardservice</dssp:ServiceName>
        </dssp:Partner>
      </dssp:PartnerList>
      <Name>this:ConsoleViewer</Name>
    </ServiceRecordType>
    <ServiceRecordType>
      <dssp:Contract>http://www.robubox.com/gui/laserviewer.html</dssp:Contract>
      <dssp:PartnerList>
        <dssp:Partner>
          <dssp:Contract>http://www.robubox.com/gui/laserviewer.html</dssp:Contract>
          <dssp:Service>laserviewer.config.xml</dssp:Service>
          <dssp:PartnerList />
          <dssp:Name>dssp:StateService</dssp:Name>
        </dssp:Partner>
        <dssp:Partner>
          <dssp:Contract>http://www.robubox.com/gui/mapviewer.html</dssp:Contract>
          <dssp:PartnerList />
          <dssp:Name>laserviewer:map</dssp:Name>
          <dssp:ServiceName>this:MapViewer</dssp:ServiceName>
        </dssp:Partner>
      </dssp:PartnerList>
      <Name>this:LaserViewer</Name>
    </ServiceRecordType>
    <ServiceRecordType>
      <dssp:Contract>http://robubox/gui/localizationviewer.html</dssp:Contract>
      <dssp:Service>http://localhost:80/gui/localizationviewer</dssp:Service>
      <dssp:PartnerList>
        <dssp:Partner>
          <dssp:Contract>http://robubox/gui/localizationviewer.html</dssp:Contract>
          <dssp:Service>localizationviewer.config.xml</dssp:Service>
          <dssp:PartnerList />
          <dssp:Name>dssp:StateService</dssp:Name>
        </dssp:Partner>
        <dssp:Partner>
          <dssp:Contract>http://www.robubox.com/gui/mapviewer.html</dssp:Contract>
          <dssp:PartnerList />
          <dssp:Name>localizationviewer:map</dssp:Name>
          <dssp:ServiceName>this:MapViewer</dssp:ServiceName>
        </dssp:Partner>
      </dssp:PartnerList>
      <Name>this:LocalizationViewer</Name>
    </ServiceRecordType>
    <ServiceRecordType>
      <dssp:Contract>http://www.robubox.com/navigation/gui/mapmanagerviewer.html</dssp:Contract>
      <dssp:Service>http://localhost:80/gui/mapmanagerviewer</dssp:Service>
      <dssp:PartnerList>
        <dssp:Partner>
          <dssp:Contract>http://www.robubox.com/navigation/gui/mapmanagerviewer.html</dssp:Contract>
          <dssp:Service>mapmanagerviewer.config.xml</dssp:Service>
          <dssp:PartnerList />
          <dssp:Name>dssp:StateService</dssp:Name>
        </dssp:Partner>
        <dssp:Partner>
          <dssp:Contract>http://www.robubox.com/navigation/mapmanager.html</dssp:Contract>
          <dssp:PartnerList />
          <dssp:Name>mapmanagerviewer:mapmanager</dssp:Name>
          <dssp:ServiceName>this:MapManager</dssp:ServiceName>
        </dssp:Partner>
        <dssp:Partner>
          <dssp:Contract>http://www.robubox.com/gui/dashboard.html</dssp:Contract>
          <dssp:PartnerList />
          <dssp:Name>mapmanagerviewer:dashboard</dssp:Name>
          <dssp:ServiceName>this:Dashboardservice</dssp:ServiceName>
        </dssp:Partner>
        <dssp:Partner>
          <dssp:Contract>http://www.robubox.com/gui/mapviewer.html</dssp:Contract>
          <dssp:PartnerList />
          <dssp:Name>mapmanagerviewer:mapviewer</dssp:Name>
          <dssp:ServiceName>this:MapViewer</dssp:ServiceName>
        </dssp:Partner>
      </dssp:PartnerList>
      <Name>this:MapManagerViewer</Name>
    </ServiceRecordType>
    <ServiceRecordType>
      <dssp:Contract>http://www.robubox.com/navigation/gui/differentialdrivemotionmanagerviewer.html</dssp:Contract>
      <dssp:Service>http://localhost:80/gui/motionmanagerviewer</dssp:Service>
      <dssp:PartnerList>
        <dssp:Partner>
          <dssp:Contract>http://www.robubox.com/gui/dashboard.html</dssp:Contract>
          <dssp:PartnerList />
          <dssp:Name>differentialdrivemotionmanagerviewer:dashboard</dssp:Name>
          <dssp:ServiceName>this:Dashboardservice</dssp:ServiceName>
        </dssp:Partner>
        <dssp:Partner>
          <dssp:Contract>http://www.robubox.com/navigation/mapmanager.html</dssp:Contract>
          <dssp:PartnerList />
          <dssp:Name>differentialdrivemotionmanagerviewer:mapmanager</dssp:Name>
          <dssp:ServiceName>this:MapManager</dssp:ServiceName>
        </dssp:Partner>
        <dssp:Partner>
          <dssp:Contract>http://www.robubox.com/gui/mapviewer.html</dssp:Contract>
          <dssp:PartnerList />
          <dssp:Name>differentialdrivemotionmanagerviewer:mapviewer</dssp:Name>
          <dssp:ServiceName>this:MapViewer</dssp:ServiceName>
        </dssp:Partner>
        <dssp:Partner>
          <dssp:Contract>http://www.robubox.com/navigation/differentialdrivemotionmanager.html</dssp:Contract>
          <dssp:PartnerList />
          <dssp:Name>differentialdrivemotionmanagerviewer:motionmanager</dssp:Name>
          <dssp:ServiceName>this:MotionManager</dssp:ServiceName>
        </dssp:Partner>
      </dssp:PartnerList>
      <Name>this:MotionManagerViewer</Name>
    </ServiceRecordType>
    <ServiceRecordType>
      <dssp:Contract>http://www.robubox.com/navigation/gui/mapperviewer.html</dssp:Contract>
      <dssp:Service>http://localhost:80/gui/mapperviewer</dssp:Service>
      <dssp:PartnerList>
        <dssp:Partner>
          <dssp:Contract>http://www.robubox.com/navigation/karto/mapper.html</dssp:Contract>
          <dssp:PartnerList />
          <dssp:Name>mapperviewer:mapper</dssp:Name>
          <dssp:ServiceName>this:Mapper</dssp:ServiceName>
        </dssp:Partner>
        <dssp:Partner>
          <dssp:Contract>http://www.robubox.com/gui/dashboard.html</dssp:Contract>
          <dssp:PartnerList />
          <dssp:Name>mapperviewer:dashboard</dssp:Name>
          <dssp:ServiceName>this:Dashboardservice</dssp:ServiceName>
        </dssp:Partner>
      </dssp:PartnerList>
      <Name>this:GuiMapperViewer</Name>
    </ServiceRecordType>
    <ServiceRecordType>
      <dssp:Contract>http://www.robubox.com/navigation/gui/explorerviewer.html</dssp:Contract>
      <dssp:Service>http://localhost:80/gui/explorerviewer</dssp:Service>
      <dssp:PartnerList>
        <dssp:Partner>
          <dssp:Contract>http://www.robubox.com/gui/dashboard.html</dssp:Contract>
          <dssp:PartnerList />
          <dssp:Name>explorerviewer:dashboard</dssp:Name>
          <dssp:ServiceName>this:Dashboardservice</dssp:ServiceName>
        </dssp:Partner>
        <dssp:Partner>
          <dssp:Contract>http://www.robubox.com/gui/mapviewer.html</dssp:Contract>
          <dssp:PartnerList />
          <dssp:Name>explorerviewer:mapviewer</dssp:Name>
          <dssp:ServiceName>this:MapViewer</dssp:ServiceName>
        </dssp:Partner>
        <dssp:Partner>
          <dssp:Contract>http://www.robubox.com/navigation/karto/explorer.html</dssp:Contract>
          <dssp:PartnerList />
          <dssp:Name>explorerviewer:motionmanager</dssp:Name>
          <dssp:ServiceName>this:Explorer</dssp:ServiceName>
        </dssp:Partner>
      </dssp:PartnerList>
      <Name>this:ExplorerViewer</Name>
    </ServiceRecordType>
  </CreateServiceList>
</Manifest>