﻿<?xml version="1.0" encoding="utf-8"?>
<DifferentialRobotCollisionDetectionState xmlns:s="http://www.w3.org/2003/05/soap-envelope" xmlns:d="http://schemas.microsoft.com/xw/2004/10/dssp.html" xmlns:wsa="http://schemas.xmlsoap.org/ws/2004/08/addressing" xmlns="http://www.robubox.com/kompai/differentialrobotcollisiondetection.html">
	<AngularStopRadius>0.3</AngularStopRadius>
	<LinearStopWidth>0.3</LinearStopWidth>
	<LinearStopLength>0.4</LinearStopLength>
	<LinearSlowdownWidth>0.3</LinearSlowdownWidth>
	<LinearSlowdownLength>1</LinearSlowdownLength>
	<ObstacleInStopArea>false</ObstacleInStopArea>
	<ObstacleInSlowDownArea>false</ObstacleInSlowDownArea>
</DifferentialRobotCollisionDetectionState>