﻿<?xml version="1.0" encoding="utf-8"?>
<DashboardState xmlns:s="http://www.w3.org/2003/05/soap-envelope" xmlns:d="http://schemas.microsoft.com/xw/2004/10/dssp.html" xmlns:wsa="http://schemas.xmlsoap.org/ws/2004/08/addressing" xmlns="http://www.robubox.com/gui/dashboard.html">
  <ShowMenu>true</ShowMenu>
  <Root>
    <Ratio>0.59066427289048473</Ratio>
    <Split>Horizontal</Split>
    <First>
      <Ratio>0.79375</Ratio>
      <Split>Vertical</Split>
      <First>
        <Ratio>0</Ratio>
        <Split>Vertical</Split>
        <Name>gui/mapviewer</Name>
      </First>
      <Second>
        <Ratio>0</Ratio>
        <Split>Vertical</Split>
        <Name>gui/motionmanagerviewer</Name>
      </Second>
    </First>
    <Second>
      <Ratio>0.65052083333333333</Ratio>
      <Split>Vertical</Split>
      <First>
        <Ratio>0</Ratio>
        <Split>Vertical</Split>
        <Name>gui/consoleviewer</Name>
      </First>
      <Second>
        <Ratio>0.49775112443778113</Ratio>
        <Split>Vertical</Split>
        <First>
          <Ratio>0</Ratio>
          <Split>Vertical</Split>
          <Name>gui/mapperviewer</Name>
        </First>
        <Second>
          <Ratio>0.497787610619469</Ratio>
          <Split>Horizontal</Split>
          <First>
            <Ratio>0</Ratio>
            <Split>Vertical</Split>
            <Name>gui/mapmanagerviewer</Name>
          </First>
          <Second>
            <Ratio>0</Ratio>
            <Split>Vertical</Split>
            <Name>gui/explorerviewer</Name>
          </Second>
        </Second>
      </Second>
    </Second>
  </Root>
</DashboardState>