<?xml version="1.0"?>
<!--This file was created with the Microsoft Visual Programming Language.-->
<Manifest xmlns:consoleviewer="http://www.robubox.com/gui/consoleviewer.html" xmlns:planner="http://www.robubox.com/navigation/karto/planner.html" xmlns:localizer="http://www.robubox.com/navigation/karto/localizer.html" xmlns:mapviewer="http://www.robubox.com/gui/mapviewer.html" xmlns:this="urn:uuid:b922b63b-9e82-4281-bb0c-2f68caf0d61e" xmlns:mapmanager="http://www.robubox.com/navigation/mapmanager.html" xmlns:dockingstation="http://www.robubox.com/algorithms/dockingstation.html" xmlns:obstacleavoidance="http://www.robosoft.com/navigation/obstacleavoidance.html" xmlns:differentialdrivemotionmanagerviewer="http://www.robubox.com/navigation/gui/differentialdrivemotionmanagerviewer.html" xmlns:mapmanagerviewer="http://www.robubox.com/navigation/gui/mapmanagerviewer.html" xmlns:differentialdrivetrajectoryfollower="http://www.robubox.com/algorithms/differentialdrivetrajectoryfollower.html" xmlns:luaviewer="http://www.robubox.com/gui/luaviewer.html" xmlns:laserviewer="http://www.robubox.com/gui/laserviewer.html" xmlns:dashboard="http://www.robubox.com/gui/dashboard.html" xmlns:differentialdrivemotionmanager="http://www.robubox.com/navigation/differentialdrivemotionmanager.html" xmlns:obstacleavoidanceviewer="http://www.robubox.com/navigation/gui/obstacleavoidanceviewer.html" xmlns:localizationviewer="http://robubox/gui/localizationviewer.html" xmlns:locationrecorder="http://www.robubox.com/navigation/gui/locationrecorder.html" xmlns:differentialrobotcollisiondetection="http://www.robubox.com/kompai/differentialrobotcollisiondetection.html" xmlns:dssp="http://schemas.microsoft.com/xw/2004/10/dssp.html" xmlns:localizerviewer="http://www.robubox.com/navigation/gui/localizerviewer.html" xmlns:axiscameraviewer="http://www.robubox.com/gui/axiscameraviewer.html" xmlns="http://schemas.microsoft.com/xw/2004/10/manifest.html">
  <CreateServiceList>
    <ServiceRecordType>
      <dssp:Contract>http://www.robubox.com/algorithms/differentialdrivetrajectoryfollower.html</dssp:Contract>
      <dssp:Service>http://localhost:80/algorithms/dockingtrajectoryfollower</dssp:Service>
      <dssp:PartnerList>
        <dssp:Partner>
          <dssp:Contract>http://www.robubox.com/algorithms/differentialdrivetrajectoryfollower.html</dssp:Contract>
          <dssp:Service>dockingtrajectoryfollower.config.xml</dssp:Service>
          <dssp:PartnerList />
          <dssp:Name>dssp:StateService</dssp:Name>
        </dssp:Partner>
        <dssp:Partner>
          <dssp:Contract>http://www.robubox.com/core/devices/differentialdrive.html</dssp:Contract>
          <dssp:Service>http://localhost:50000/robulab/differential/differentialdrive</dssp:Service>
          <dssp:PartnerList />
          <dssp:Name>differentialdrivetrajectoryfollower:differentialdrive</dssp:Name>
        </dssp:Partner>
      </dssp:PartnerList>
      <Name>this:DockingTrajectoryFollower</Name>
    </ServiceRecordType>
    <ServiceRecordType>
      <dssp:Contract>http://www.robubox.com/algorithms/dockingstation.html</dssp:Contract>
      <dssp:Service>http://localhost:80/algorithms/dockingstation</dssp:Service>
      <dssp:PartnerList>
        <dssp:Partner>
          <dssp:Contract>http://www.robubox.com/algorithms/dockingstation.html</dssp:Contract>
          <dssp:Service>dockingstation.config.xml</dssp:Service>
          <dssp:PartnerList />
          <dssp:Name>dssp:StateService</dssp:Name>
        </dssp:Partner>
        <dssp:Partner>
          <dssp:Contract>http://www.robubox.com/core/control/trajectoryfollower.html</dssp:Contract>
          <dssp:PartnerList />
          <dssp:Name>dockingstation:follower</dssp:Name>
          <dssp:ServiceName>this:DockingTrajectoryFollower</dssp:ServiceName>
        </dssp:Partner>
      </dssp:PartnerList>
      <Name>this:DockingStation</Name>
    </ServiceRecordType>
    <ServiceRecordType>
      <dssp:Contract>http://www.robubox.com/navigation/differentialdrivemotionmanager.html</dssp:Contract>
      <dssp:Service>http://localhost:80/navigation/motionmanager</dssp:Service>
      <dssp:PartnerList>
        <dssp:Partner>
          <dssp:Contract>http://www.robubox.com/core/control/trajectoryfollower.html</dssp:Contract>
          <dssp:Service>http://localhost:50000/robulab/trajectoryfollower/trajectoryfollower</dssp:Service>
          <dssp:PartnerList />
          <dssp:Name>differentialdrivemotionmanager:follower</dssp:Name>
        </dssp:Partner>
        <dssp:Partner>
          <dssp:Contract>http://www.robubox.com/algorithms/dockingstation.html</dssp:Contract>
          <dssp:PartnerList />
          <dssp:Name>differentialdrivemotionmanager:dockingstation</dssp:Name>
          <dssp:ServiceName>this:DockingStation</dssp:ServiceName>
        </dssp:Partner>
        <dssp:Partner>
          <dssp:Contract>http://www.robubox.com/navigation/karto/planner.html</dssp:Contract>
          <dssp:PartnerList />
          <dssp:Name>differentialdrivemotionmanager:planner</dssp:Name>
          <dssp:ServiceName>this:Planner</dssp:ServiceName>
        </dssp:Partner>
      </dssp:PartnerList>
      <Name>this:MotionManager</Name>
    </ServiceRecordType>
    <ServiceRecordType>
      <dssp:Contract>http://www.robubox.com/navigation/karto/planner.html</dssp:Contract>
      <dssp:Service>http://localhost:80/navigation/planner</dssp:Service>
      <dssp:PartnerList>
        <dssp:Partner>
          <dssp:Contract>http://www.robubox.com/navigation/karto/planner.html</dssp:Contract>
          <dssp:Service>planner.config.xml</dssp:Service>
          <dssp:PartnerList />
          <dssp:Name>dssp:StateService</dssp:Name>
        </dssp:Partner>
        <dssp:Partner>
          <dssp:Contract>http://www.robubox.com/navigation/mapmanager.html</dssp:Contract>
          <dssp:PartnerList />
          <dssp:Name>planner:mapmanager</dssp:Name>
          <dssp:ServiceName>this:PlannerMapManager</dssp:ServiceName>
        </dssp:Partner>
      </dssp:PartnerList>
      <Name>this:Planner</Name>
    </ServiceRecordType>
    <ServiceRecordType>
      <dssp:Contract>http://www.robubox.com/navigation/mapmanager.html</dssp:Contract>
      <dssp:Service>http://localhost:80/navigation/plannermapmanager</dssp:Service>
      <dssp:PartnerList>
        <dssp:Partner>
          <dssp:Contract>http://www.robubox.com/navigation/mapmanager.html</dssp:Contract>
          <dssp:Service>plannermapmanager.config.xml</dssp:Service>
          <dssp:PartnerList />
          <dssp:Name>dssp:StateService</dssp:Name>
        </dssp:Partner>
      </dssp:PartnerList>
      <Name>this:PlannerMapManager</Name>
    </ServiceRecordType>
    <ServiceRecordType>
      <dssp:Contract>http://www.robubox.com/navigation/mapmanager.html</dssp:Contract>
      <dssp:Service>http://localhost:80/navigation/localizermapmanager</dssp:Service>
      <dssp:PartnerList>
        <dssp:Partner>
          <dssp:Contract>http://www.robubox.com/navigation/mapmanager.html</dssp:Contract>
          <dssp:Service>localizermapmanager.config.xml</dssp:Service>
          <dssp:PartnerList />
          <dssp:Name>dssp:StateService</dssp:Name>
        </dssp:Partner>
      </dssp:PartnerList>
      <Name>this:LocalizerMapManager</Name>
    </ServiceRecordType>
    <ServiceRecordType>
      <dssp:Contract>http://www.robubox.com/navigation/karto/localizer.html</dssp:Contract>
      <dssp:Service>http://localhost:80/navigation/localizer</dssp:Service>
      <dssp:PartnerList>
        <dssp:Partner>
          <dssp:Contract>http://www.robubox.com/navigation/karto/localizer.html</dssp:Contract>
          <dssp:Service>localizer.config.xml</dssp:Service>
          <dssp:PartnerList />
          <dssp:Name>dssp:StateService</dssp:Name>
        </dssp:Partner>
        <dssp:Partner>
          <dssp:Contract>http://www.robubox.com/navigation/mapmanager.html</dssp:Contract>
          <dssp:PartnerList />
          <dssp:Name>localizer:MapManager</dssp:Name>
          <dssp:ServiceName>this:LocalizerMapManager</dssp:ServiceName>
        </dssp:Partner>
      </dssp:PartnerList>
      <Name>this:Localizer</Name>
    </ServiceRecordType>
    <ServiceRecordType>
      <dssp:Contract>http://www.robosoft.com/navigation/obstacleavoidance.html</dssp:Contract>
      <dssp:Service>http://localhost:80/navigation/obstacleavoidance</dssp:Service>
      <dssp:PartnerList>
        <dssp:Partner>
          <dssp:Contract>http://www.robosoft.com/navigation/obstacleavoidance.html</dssp:Contract>
          <dssp:Service>obstacleavoidance.config.xml</dssp:Service>
          <dssp:PartnerList />
          <dssp:Name>dssp:StateService</dssp:Name>
        </dssp:Partner>
        <dssp:Partner>
          <dssp:Contract>http://www.robubox.com/navigation/karto/planner.html</dssp:Contract>
          <dssp:PartnerList />
          <dssp:Name>obstacleavoidance:Planner</dssp:Name>
          <dssp:ServiceName>this:Planner</dssp:ServiceName>
        </dssp:Partner>
        <dssp:Partner>
          <dssp:Contract>http://www.robubox.com/core/control/trajectoryfollower.html</dssp:Contract>
          <dssp:Service>http://localhost:50000/robulab/trajectoryfollower/trajectoryfollower</dssp:Service>
          <dssp:PartnerList />
          <dssp:Name>obstacleavoidance:TrajectoryFollower</dssp:Name>
        </dssp:Partner>
      </dssp:PartnerList>
      <Name>this:ObstacleAvoidance</Name>
    </ServiceRecordType>
    <ServiceRecordType>
      <dssp:Contract>http://www.robubox.com/gui/dashboard.html</dssp:Contract>
      <dssp:Service>http://localhost:80/gui/dashboard</dssp:Service>
      <dssp:PartnerList>
        <dssp:Partner>
          <dssp:Contract>http://www.robubox.com/gui/dashboard.html</dssp:Contract>
          <dssp:Service>dashboardservice.config.xml</dssp:Service>
          <dssp:PartnerList />
          <dssp:Name>dssp:StateService</dssp:Name>
        </dssp:Partner>
      </dssp:PartnerList>
      <Name>this:Dashboardservice</Name>
    </ServiceRecordType>
    <ServiceRecordType>
      <dssp:Contract>http://www.robubox.com/gui/mapviewer.html</dssp:Contract>
      <dssp:Service>http://localhost:80/gui/mapviewer</dssp:Service>
      <dssp:PartnerList>
        <dssp:Partner>
          <dssp:Contract>http://www.robubox.com/gui/dashboard.html</dssp:Contract>
          <dssp:PartnerList />
          <dssp:Name>mapviewer:dashboard</dssp:Name>
          <dssp:ServiceName>this:Dashboardservice</dssp:ServiceName>
        </dssp:Partner>
      </dssp:PartnerList>
      <Name>this:MapViewer</Name>
    </ServiceRecordType>
    <ServiceRecordType>
      <dssp:Contract>http://www.robubox.com/gui/consoleviewer.html</dssp:Contract>
      <dssp:Service>http://localhost:80/gui/console</dssp:Service>
      <dssp:PartnerList>
        <dssp:Partner>
          <dssp:Contract>http://www.robubox.com/gui/dashboard.html</dssp:Contract>
          <dssp:PartnerList />
          <dssp:Name>consoleviewer:dashboard</dssp:Name>
          <dssp:ServiceName>this:Dashboardservice</dssp:ServiceName>
        </dssp:Partner>
      </dssp:PartnerList>
      <Name>this:ConsoleViewer</Name>
    </ServiceRecordType>
    <ServiceRecordType>
      <dssp:Contract>http://www.robubox.com/gui/laserviewer.html</dssp:Contract>
      <dssp:Service>http://localhost:80/gui/laserviwer</dssp:Service>
      <dssp:PartnerList>
        <dssp:Partner>
          <dssp:Contract>http://www.robubox.com/gui/laserviewer.html</dssp:Contract>
          <dssp:Service>laserviewer.config.xml</dssp:Service>
          <dssp:PartnerList />
          <dssp:Name>dssp:StateService</dssp:Name>
        </dssp:Partner>
        <dssp:Partner>
          <dssp:Contract>http://www.robubox.com/gui/mapviewer.html</dssp:Contract>
          <dssp:PartnerList />
          <dssp:Name>laserviewer:map</dssp:Name>
          <dssp:ServiceName>this:MapViewer</dssp:ServiceName>
        </dssp:Partner>
      </dssp:PartnerList>
      <Name>this:LaserViewer</Name>
    </ServiceRecordType>
    <ServiceRecordType>
      <dssp:Contract>http://robubox/gui/localizationviewer.html</dssp:Contract>
      <dssp:Service>http://localhost:80/gui/localizationviewer</dssp:Service>
      <dssp:PartnerList>
        <dssp:Partner>
          <dssp:Contract>http://robubox/gui/localizationviewer.html</dssp:Contract>
          <dssp:Service>localizationviewer.config.xml</dssp:Service>
          <dssp:PartnerList />
          <dssp:Name>dssp:StateService</dssp:Name>
        </dssp:Partner>
        <dssp:Partner>
          <dssp:Contract>http://www.robubox.com/gui/mapviewer.html</dssp:Contract>
          <dssp:PartnerList />
          <dssp:Name>localizationviewer:map</dssp:Name>
          <dssp:ServiceName>this:MapViewer</dssp:ServiceName>
        </dssp:Partner>
      </dssp:PartnerList>
      <Name>this:LocalizationViewer</Name>
    </ServiceRecordType>
    <ServiceRecordType>
      <dssp:Contract>http://www.robubox.com/navigation/gui/differentialdrivemotionmanagerviewer.html</dssp:Contract>
      <dssp:Service>http://localhost:80/gui/motionmanagerviewer</dssp:Service>
      <dssp:PartnerList>
        <dssp:Partner>
          <dssp:Contract>http://www.robubox.com/gui/dashboard.html</dssp:Contract>
          <dssp:PartnerList />
          <dssp:Name>differentialdrivemotionmanagerviewer:dashboard</dssp:Name>
          <dssp:ServiceName>this:Dashboardservice</dssp:ServiceName>
        </dssp:Partner>
        <dssp:Partner>
          <dssp:Contract>http://www.robubox.com/navigation/mapmanager.html</dssp:Contract>
          <dssp:Service>http://localhost:80/navigation/plannermapmanager</dssp:Service>
          <dssp:PartnerList />
          <dssp:Name>differentialdrivemotionmanagerviewer:mapmanager</dssp:Name>
        </dssp:Partner>
        <dssp:Partner>
          <dssp:Contract>http://www.robubox.com/gui/mapviewer.html</dssp:Contract>
          <dssp:PartnerList />
          <dssp:Name>differentialdrivemotionmanagerviewer:mapviewer</dssp:Name>
          <dssp:ServiceName>this:MapViewer</dssp:ServiceName>
        </dssp:Partner>
      </dssp:PartnerList>
      <Name>this:MotionManagerViewer</Name>
    </ServiceRecordType>
    <ServiceRecordType>
      <dssp:Contract>http://www.robubox.com/navigation/gui/localizerviewer.html</dssp:Contract>
      <dssp:Service>http://localhost:80/navigation/gui/localizerviewer</dssp:Service>
      <dssp:PartnerList>
        <dssp:Partner>
          <dssp:Contract>http://www.robubox.com/gui/mapviewer.html</dssp:Contract>
          <dssp:PartnerList />
          <dssp:Name>localizerviewer:mapviewer</dssp:Name>
          <dssp:ServiceName>this:MapViewer</dssp:ServiceName>
        </dssp:Partner>
      </dssp:PartnerList>
      <Name>this:LocalizerViewer</Name>
    </ServiceRecordType>
    <ServiceRecordType>
      <dssp:Contract>http://www.robubox.com/navigation/gui/locationrecorder.html</dssp:Contract>
      <dssp:Service>http://localhost:80/navigation/gui/locationrecorder</dssp:Service>
      <dssp:PartnerList>
        <dssp:Partner>
          <dssp:Contract>http://www.robubox.com/navigation/mapmanager.html</dssp:Contract>
          <dssp:Service>http://localhost:80/navigation/plannermapmanager</dssp:Service>
          <dssp:PartnerList />
          <dssp:Name>locationrecorder:mapmanager</dssp:Name>
        </dssp:Partner>
        <dssp:Partner>
          <dssp:Contract>http://www.robubox.com/gui/mapviewer.html</dssp:Contract>
          <dssp:PartnerList />
          <dssp:Name>locationrecorder:mapviewer</dssp:Name>
          <dssp:ServiceName>this:MapViewer</dssp:ServiceName>
        </dssp:Partner>
      </dssp:PartnerList>
      <Name>this:LocationRecorder</Name>
    </ServiceRecordType>
    <ServiceRecordType>
      <dssp:Contract>http://www.robubox.com/navigation/gui/mapmanagerviewer.html</dssp:Contract>
      <dssp:Service>http://localhost:80/navigation/gui/plannermapmanagerviewer</dssp:Service>
      <dssp:PartnerList>
        <dssp:Partner>
          <dssp:Contract>http://www.robubox.com/navigation/gui/mapmanagerviewer.html</dssp:Contract>
          <dssp:Service>plannermapmanagerviewer.config.xml</dssp:Service>
          <dssp:PartnerList />
          <dssp:Name>dssp:StateService</dssp:Name>
        </dssp:Partner>
        <dssp:Partner>
          <dssp:Contract>http://www.robubox.com/navigation/mapmanager.html</dssp:Contract>
          <dssp:Service>http://localhost:80/navigation/plannermapmanager</dssp:Service>
          <dssp:PartnerList />
          <dssp:Name>mapmanagerviewer:mapmanager</dssp:Name>
        </dssp:Partner>
        <dssp:Partner>
          <dssp:Contract>http://www.robubox.com/gui/dashboard.html</dssp:Contract>
          <dssp:PartnerList />
          <dssp:Name>mapmanagerviewer:dashboard</dssp:Name>
          <dssp:ServiceName>this:Dashboardservice</dssp:ServiceName>
        </dssp:Partner>
        <dssp:Partner>
          <dssp:Contract>http://www.robubox.com/gui/mapviewer.html</dssp:Contract>
          <dssp:PartnerList />
          <dssp:Name>mapmanagerviewer:mapviewer</dssp:Name>
          <dssp:ServiceName>this:MapViewer</dssp:ServiceName>
        </dssp:Partner>
      </dssp:PartnerList>
      <Name>this:PlannerMapManagerViewer</Name>
    </ServiceRecordType>
    <ServiceRecordType>
      <dssp:Contract>http://www.robubox.com/navigation/gui/mapmanagerviewer.html</dssp:Contract>
      <dssp:Service>http://localhost:80/navigation/gui/localizermapmanagerviewer</dssp:Service>
      <dssp:PartnerList>
        <dssp:Partner>
          <dssp:Contract>http://www.robubox.com/navigation/gui/mapmanagerviewer.html</dssp:Contract>
          <dssp:Service>localizermapmanagerviewer.config.xml</dssp:Service>
          <dssp:PartnerList />
          <dssp:Name>dssp:StateService</dssp:Name>
        </dssp:Partner>
        <dssp:Partner>
          <dssp:Contract>http://www.robubox.com/navigation/mapmanager.html</dssp:Contract>
          <dssp:Service>http://localhost:80/navigation/localizermapmanager</dssp:Service>
          <dssp:PartnerList />
          <dssp:Name>mapmanagerviewer:mapmanager</dssp:Name>
        </dssp:Partner>
        <dssp:Partner>
          <dssp:Contract>http://www.robubox.com/gui/dashboard.html</dssp:Contract>
          <dssp:PartnerList />
          <dssp:Name>mapmanagerviewer:dashboard</dssp:Name>
          <dssp:ServiceName>this:Dashboardservice</dssp:ServiceName>
        </dssp:Partner>
        <dssp:Partner>
          <dssp:Contract>http://www.robubox.com/gui/mapviewer.html</dssp:Contract>
          <dssp:PartnerList />
          <dssp:Name>mapmanagerviewer:mapviewer</dssp:Name>
          <dssp:ServiceName>this:MapViewer</dssp:ServiceName>
        </dssp:Partner>
      </dssp:PartnerList>
      <Name>this:LocalizerMapManagerViewer</Name>
    </ServiceRecordType>
    <ServiceRecordType>
      <dssp:Contract>http://www.robubox.com/navigation/gui/obstacleavoidanceviewer.html</dssp:Contract>
      <dssp:Service>http://localhost:80/navigation/gui/obstacleavoidanceviewer</dssp:Service>
      <dssp:PartnerList>
        <dssp:Partner>
          <dssp:Contract>http://www.robubox.com/navigation/gui/obstacleavoidanceviewer.html</dssp:Contract>
          <dssp:Service>obstacleavoidanceviewer.config.xml</dssp:Service>
          <dssp:PartnerList />
          <dssp:Name>dssp:StateService</dssp:Name>
        </dssp:Partner>
        <dssp:Partner>
          <dssp:Contract>http://www.robubox.com/gui/mapviewer.html</dssp:Contract>
          <dssp:PartnerList />
          <dssp:Name>obstacleavoidanceviewer:mapviewer</dssp:Name>
          <dssp:ServiceName>this:MapViewer</dssp:ServiceName>
        </dssp:Partner>
      </dssp:PartnerList>
      <Name>this:ObstacleAvoidanceViewer</Name>
    </ServiceRecordType>
    <ServiceRecordType>
      <dssp:Contract>http://www.robubox.com/gui/axiscameraviewer.html</dssp:Contract>
      <dssp:Service>http://localhost:80/gui/ipcameraviwer</dssp:Service>
      <dssp:PartnerList>
        <dssp:Partner>
          <dssp:Contract>http://www.robubox.com/gui/axiscameraviewer.html</dssp:Contract>
          <dssp:Service>axiscameraviewer.config.xml</dssp:Service>
          <dssp:PartnerList />
          <dssp:Name>dssp:StateService</dssp:Name>
        </dssp:Partner>
        <dssp:Partner>
          <dssp:Contract>http://www.robubox.com/gui/dashboard.html</dssp:Contract>
          <dssp:PartnerList />
          <dssp:Name>axiscameraviewer:dashboard</dssp:Name>
          <dssp:ServiceName>this:Dashboardservice</dssp:ServiceName>
        </dssp:Partner>
      </dssp:PartnerList>
      <Name>this:AxisCameraViewer</Name>
    </ServiceRecordType>
    <ServiceRecordType>
      <dssp:Contract>http://www.robubox.com/gui/luaviewer.html</dssp:Contract>
      <dssp:Service>http://localhost:80/gui/lua/viewer</dssp:Service>
      <dssp:PartnerList>
        <dssp:Partner>
          <dssp:Contract>http://www.robubox.com/gui/dashboard.html</dssp:Contract>
          <dssp:PartnerList />
          <dssp:Name>luaviewer:dashboard</dssp:Name>
          <dssp:ServiceName>this:Dashboardservice</dssp:ServiceName>
        </dssp:Partner>
      </dssp:PartnerList>
      <Name>this:LuaViewer</Name>
    </ServiceRecordType>
  </CreateServiceList>
</Manifest>