﻿<?xml version="1.0" encoding="utf-8"?>
<DashboardState xmlns:s="http://www.w3.org/2003/05/soap-envelope" xmlns:d="http://schemas.microsoft.com/xw/2004/10/dssp.html" xmlns:wsa="http://schemas.xmlsoap.org/ws/2004/08/addressing" xmlns="http://www.robubox.com/gui/dashboard.html">
  <ShowMenu>true</ShowMenu>
  <Root>
    <Ratio>0.013020833333333334</Ratio>
    <Split>Vertical</Split>
    <First>
      <Ratio>0.51436265709156193</Ratio>
      <Split>Horizontal</Split>
      <First>
        <Ratio>0.5</Ratio>
        <Split>Vertical</Split>
        <First>
          <Ratio>0</Ratio>
          <Split>Vertical</Split>
          <Name>gui/mapviewer</Name>
        </First>
        <Second>
          <Ratio>0</Ratio>
          <Split>Vertical</Split>
          <Name>gui/ipcameraviwerCam</Name>
        </Second>
      </First>
      <Second>
        <Ratio>0.79270833333333335</Ratio>
        <Split>Vertical</Split>
        <First>
          <Ratio>0.49906890130353815</Ratio>
          <Split>Horizontal</Split>
          <First>
            <Ratio>0</Ratio>
            <Split>Vertical</Split>
            <Name>gui/lua/viewerLua</Name>
          </First>
          <Second>
            <Ratio>0.6235216819973719</Ratio>
            <Split>Vertical</Split>
            <First>
              <Ratio>0</Ratio>
              <Split>Vertical</Split>
              <Name>gui/console</Name>
            </First>
            <Second>
              <Ratio>0.50439367311072059</Ratio>
              <Split>Vertical</Split>
              <First>
                <Ratio>0</Ratio>
                <Split>Vertical</Split>
                <Name>navigation/gui/plannermapmanagerviewer</Name>
              </First>
              <Second>
                <Ratio>0</Ratio>
                <Split>Vertical</Split>
                <Name>navigation/gui/localizermapmanagerviewer</Name>
              </Second>
            </Second>
          </Second>
        </First>
        <Second>
          <Ratio>0</Ratio>
          <Split>Vertical</Split>
          <Name>gui/motionmanagerviewer</Name>
        </Second>
      </Second>
    </First>
  </Root>
</DashboardState>