﻿<?xml version="1.0" encoding="utf-8"?>
<DockingStationState xmlns:xsd="http://www.w3.org/2001/XMLSchema" xmlns:xsi="http://www.w3.org/2001/XMLSchema-instance" xmlns="http://www.robubox.com/algorithms/dockingstation.html">
	<Status>UNDOCKED</Status>
	<Action>WAITING</Action>
	<UndockMaxSpeed>0.05</UndockMaxSpeed>
	<UndockStepLength>0.3</UndockStepLength>
	<DockingMaximumSpeed>0.05</DockingMaximumSpeed>
	<DetectionThreshold>0.05</DetectionThreshold>
	<Timeout>12</Timeout>
</DockingStationState>