﻿<?xml version="1.0" encoding="utf-8"?>
<LocalizerState xmlns:s="http://www.w3.org/2003/05/soap-envelope" xmlns:wsa="http://schemas.xmlsoap.org/ws/2004/08/addressing" xmlns:d="http://schemas.microsoft.com/xw/2004/10/dssp.html" xmlns="http://www.robubox.com/navigation/karto/localizer.html">
  <MinimumTravelDistance>0</MinimumTravelDistance>
  <MinimumTravelHeading>0</MinimumTravelHeading>
  <SamplingInterval>1</SamplingInterval>
  <NumberOfParticles>2000</NumberOfParticles>
  <ParticleDistribution>ParticleDistribution_Gauss</ParticleDistribution>
  <MeasurementModel>MeasurementModel_Probability</MeasurementModel>
  <LocalizedPoseCriterion>LocalizedPoseCriterion_BestParticle</LocalizedPoseCriterion>
  <SetStartPosition>false</SetStartPosition>
  <StartPose>
    <Position xmlns="http://www.robubox.com/core.html">
      <X>0</X>
      <Y>0</Y>
      <Z>0</Z>
    </Position>
    <Orientation xmlns="http://www.robubox.com/core.html">
      <X>0</X>
      <Y>0</Y>
      <Z>0</Z>
      <W>1</W>
    </Orientation>
  </StartPose>
  <CorrectLocalization>true</CorrectLocalization>
</LocalizerState>