﻿<?xml version="1.0" encoding="utf-8"?>
<PlannerState xmlns:xsd="http://www.w3.org/2001/XMLSchema" xmlns:xsi="http://www.w3.org/2001/XMLSchema-instance" xmlns="http://www.robubox.com/navigation/karto/planner.html">
	<RobotRadius>0.3</RobotRadius>
	<DefaultPathSpeed>0.3</DefaultPathSpeed>
	<GlobalPlanObstacleDistance>0.4</GlobalPlanObstacleDistance>
	<LocalPlanObstacleDistance>0.3</LocalPlanObstacleDistance>
	<UseUnknownSpace>false</UseUnknownSpace>
	<LocalWindowDistance>4</LocalWindowDistance>
	<CurrentGlobalPath xmlns="http://www.robubox.com/core.html">
		<Points />
		<SpeedSteps />
	</CurrentGlobalPath>
</PlannerState>