<?xml version="1.0"?>
<!--This file was created with the Microsoft Visual Programming Language.-->
<Manifest xmlns:iocard="http://www.robubox.com/lua/interfaces/iocard.html" xmlns:battery="http://www.robubox.com/lua/interfaces/battery.html" xmlns:interpreter="http://www.robubox.com/lua/interpreter.html" xmlns:motionmanager="http://www.robubox.com/navigation/lua/motionmanager.html" xmlns:this="urn:uuid:3ed5c089-07e6-4c96-af94-9550aab28580" xmlns:dssp="http://schemas.microsoft.com/xw/2004/10/dssp.html" xmlns="http://schemas.microsoft.com/xw/2004/10/manifest.html">
  <CreateServiceList>
    <ServiceRecordType>
      <dssp:Contract>http://www.robubox.com/lua/interpreter.html</dssp:Contract>
      <dssp:Service>http://localhost:80/lua/interpreter</dssp:Service>
      <dssp:PartnerList>
        <dssp:Partner>
          <dssp:Contract>http://www.robubox.com/lua/interpreter.html</dssp:Contract>
          <dssp:Service>luainterpreter.config.xml</dssp:Service>
          <dssp:PartnerList />
          <dssp:Name>dssp:StateService</dssp:Name>
        </dssp:Partner>
      </dssp:PartnerList>
      <Name>this:LuaInterpreter</Name>
    </ServiceRecordType>
    <ServiceRecordType>
      <dssp:Contract>http://www.robubox.com/lua/interfaces/battery.html</dssp:Contract>
      <dssp:Service>http://localhost:80/lua/battery</dssp:Service>
      <dssp:PartnerList />
      <Name>this:LuaBattery</Name>
    </ServiceRecordType>
    <ServiceRecordType>
      <dssp:Contract>http://www.robubox.com/navigation/lua/motionmanager.html</dssp:Contract>
      <dssp:Service>http://localhost:80/lua/motionmanager</dssp:Service>
      <dssp:PartnerList>
        <dssp:Partner>
          <dssp:Contract>http://www.robubox.com/navigation/lua/motionmanager.html</dssp:Contract>
          <dssp:Service>luamotionmanager.config.xml</dssp:Service>
          <dssp:PartnerList />
          <dssp:Name>dssp:StateService</dssp:Name>
        </dssp:Partner>
        <dssp:Partner>
          <dssp:Contract>http://www.robubox.com/navigation/mapmanager.html</dssp:Contract>
          <dssp:Service>http://localhost:50000/navigation/plannermapmanager</dssp:Service>
          <dssp:PartnerList />
          <dssp:Name>motionmanager:mapmgr</dssp:Name>
        </dssp:Partner>
      </dssp:PartnerList>
      <Name>this:LuaMotionManager</Name>
    </ServiceRecordType>
    <ServiceRecordType>
      <dssp:Contract>http://www.robubox.com/lua/interfaces/iocard.html</dssp:Contract>
      <dssp:Service>http://localhost:80/lua/iocard</dssp:Service>
      <dssp:PartnerList />
      <Name>this:LuaIOCard</Name>
    </ServiceRecordType>
  </CreateServiceList>
</Manifest>