﻿<?xml version="1.0" encoding="utf-8"?>
<DashboardState xmlns:s="http://www.w3.org/2003/05/soap-envelope" xmlns:d="http://schemas.microsoft.com/xw/2004/10/dssp.html" xmlns:wsa="http://schemas.xmlsoap.org/ws/2004/08/addressing" xmlns="http://www.robubox.com/gui/dashboard.html">
  <ShowMenu>true</ShowMenu>
  <Root>
    <Ratio>0.67324955116696594</Ratio>
    <Split>Horizontal</Split>
    <First>
      <Ratio>0.79322916666666665</Ratio>
      <Split>Vertical</Split>
      <First>
        <Ratio>0</Ratio>
        <Split>Vertical</Split>
        <Name>gui/mapview</Name>
      </First>
      <Second>
        <Ratio>0.49866666666666665</Ratio>
        <Split>Horizontal</Split>
        <First>
          <Ratio>0</Ratio>
          <Split>Vertical</Split>
          <Name>navigation/gui/mapperviewer</Name>
        </First>
        <Second>
          <Ratio>0</Ratio>
          <Split>Vertical</Split>
          <Name>navigation/gui/mapmanagerviewer</Name>
        </Second>
      </Second>
    </First>
    <Second>
      <Ratio>0</Ratio>
      <Split>Vertical</Split>
      <Name>gui/console</Name>
    </Second>
  </Root>
</DashboardState>