<?xml version="1.0"?>
<!--This file was created with the Microsoft Visual Programming Language.-->
<Manifest xmlns:joystickdifferentialdrive="http://www.robubox.com/algorithms/joystickdifferentialdrive.html" xmlns:dssp="http://schemas.microsoft.com/xw/2004/10/dssp.html" xmlns:this="urn:uuid:55855613-db23-4aaa-9ac0-2ae0c3b3f076" xmlns:localization="http://www.robubox.com/simulations/models/localization.html" xmlns:differentialdrivetrajectoryfollower="http://www.robubox.com/algorithms/differentialdrivetrajectoryfollower.html" xmlns:camera="http://www.robubox.com/simulations/models/camera.html" xmlns:battery="http://www.robubox.com/simulations/models/battery.html" xmlns:iocard="http://www.robubox.com/simulations/models/iocard.html" xmlns:stepdifferentialcontrol="http://www.robubox.con/algorithms/stepdifferentialcontrol.html" xmlns:joystickform="http://schemas.microsoft.com/robotics/2007/08/joystickform.html" xmlns:laser="http://www.robubox.com/simulations/models/laser.html" xmlns:differentialdrive="http://www.robubox.com/simulations/partners/differentialdrive.html" xmlns="http://schemas.microsoft.com/xw/2004/10/manifest.html">
  <CreateServiceList>
    <ServiceRecordType>
      <dssp:Contract>http://www.robubox.com/simulations/partners/differentialdrive.html</dssp:Contract>
      <dssp:Service>http://localhost:80/robulab/differential</dssp:Service>
      <dssp:PartnerList>
        <dssp:Partner>
          <dssp:Contract>http://www.robubox.com/simulations/partners/differentialdrive.html</dssp:Contract>
          <dssp:Service>differentialdrivepartner.config.xml</dssp:Service>
          <dssp:PartnerList />
          <dssp:Name>dssp:StateService</dssp:Name>
        </dssp:Partner>
        <dssp:Partner>
          <dssp:Contract>http://www.robubox.com/simulations/simulatedrobot.html</dssp:Contract>
          <dssp:PartnerList />
          <dssp:Name>differentialdrive:simulatedrobot</dssp:Name>
          <dssp:ServiceName>this:DifferentialDriveModel</dssp:ServiceName>
        </dssp:Partner>
      </dssp:PartnerList>
      <Name>this:DifferentialDrivePartner</Name>
    </ServiceRecordType>
    <ServiceRecordType>
      <dssp:Contract>http://www.robosoft.com/simulations/models/differentialdrive.html</dssp:Contract>
      <dssp:Service>http://localhost:80/robulab/model</dssp:Service>
      <dssp:PartnerList>
        <dssp:Partner>
          <dssp:Contract>http://www.robosoft.com/simulations/models/differentialdrive.html</dssp:Contract>
          <dssp:Service>differentialdrivemodel.config.xml</dssp:Service>
          <dssp:PartnerList />
          <dssp:Name>dssp:StateService</dssp:Name>
        </dssp:Partner>
      </dssp:PartnerList>
      <Name>this:DifferentialDriveModel</Name>
    </ServiceRecordType>
    <ServiceRecordType>
      <dssp:Contract>http://www.robubox.com/simulations/models/laser.html</dssp:Contract>
      <dssp:Service>http://localhost:80/robulab/laser</dssp:Service>
      <dssp:PartnerList>
        <dssp:Partner>
          <dssp:Contract>http://www.robubox.com/simulations/models/laser.html</dssp:Contract>
          <dssp:Service>lasermodel.config.xml</dssp:Service>
          <dssp:PartnerList />
          <dssp:Name>dssp:StateService</dssp:Name>
        </dssp:Partner>
        <dssp:Partner>
          <dssp:Contract>http://www.robubox.com/simulations/simulatedrobot.html</dssp:Contract>
          <dssp:PartnerList />
          <dssp:Name>laser:simulatedrobot</dssp:Name>
          <dssp:ServiceName>this:DifferentialDriveModel</dssp:ServiceName>
        </dssp:Partner>
      </dssp:PartnerList>
      <Name>this:LaserModel</Name>
    </ServiceRecordType>
    <ServiceRecordType>
      <dssp:Contract>http://www.robubox.com/simulations/models/localization.html</dssp:Contract>
      <dssp:Service>http://localhost:80/robulab/localization</dssp:Service>
      <dssp:PartnerList>
        <dssp:Partner>
          <dssp:Contract>http://www.robubox.com/simulations/models/localization.html</dssp:Contract>
          <dssp:Service>localizationmodel.config.xml</dssp:Service>
          <dssp:PartnerList />
          <dssp:Name>dssp:StateService</dssp:Name>
        </dssp:Partner>
        <dssp:Partner>
          <dssp:Contract>http://www.robubox.com/simulations/simulatedrobot.html</dssp:Contract>
          <dssp:PartnerList />
          <dssp:Name>localization:simulatedrobot</dssp:Name>
          <dssp:ServiceName>this:DifferentialDriveModel</dssp:ServiceName>
        </dssp:Partner>
      </dssp:PartnerList>
      <Name>this:LocalizationModel</Name>
    </ServiceRecordType>
    <ServiceRecordType>
      <dssp:Contract>http://www.robubox.com/simulations/models/iocard.html</dssp:Contract>
      <dssp:Service>http://localhost:80/robulab/iocard</dssp:Service>
      <dssp:PartnerList>
        <dssp:Partner>
          <dssp:Contract>http://www.robubox.com/simulations/models/iocard.html</dssp:Contract>
          <dssp:Service>iocardmodel.config.xml</dssp:Service>
          <dssp:PartnerList />
          <dssp:Name>dssp:StateService</dssp:Name>
        </dssp:Partner>
        <dssp:Partner>
          <dssp:Contract>http://www.robubox.com/simulations/simulatedrobot.html</dssp:Contract>
          <dssp:PartnerList />
          <dssp:Name>iocard:simulatedrobot</dssp:Name>
          <dssp:ServiceName>this:DifferentialDriveModel</dssp:ServiceName>
        </dssp:Partner>
      </dssp:PartnerList>
      <Name>this:IOCardModel</Name>
    </ServiceRecordType>
    <ServiceRecordType>
      <dssp:Contract>http://www.robubox.com/algorithms/joystickdifferentialdrive.html</dssp:Contract>
      <dssp:Service>http://localhost:80/robulab/joystick</dssp:Service>
      <dssp:PartnerList>
        <dssp:Partner>
          <dssp:Contract>http://www.robubox.com/core/devices/differentialdrive.html</dssp:Contract>
          <dssp:PartnerList />
          <dssp:Name>joystickdifferentialdrive:differentialdrive</dssp:Name>
          <dssp:ServiceName>this:DifferentialDrivePartner</dssp:ServiceName>
        </dssp:Partner>
      </dssp:PartnerList>
      <Name>this:DifferentialDriveJoystickController</Name>
    </ServiceRecordType>
    <ServiceRecordType>
      <dssp:Contract>http://www.robubox.com/algorithms/differentialdrivetrajectoryfollower.html</dssp:Contract>
      <dssp:Service>http://localhost:80/robulab/trajectoryfollower</dssp:Service>
      <dssp:PartnerList>
        <dssp:Partner>
          <dssp:Contract>http://www.robubox.com/algorithms/differentialdrivetrajectoryfollower.html</dssp:Contract>
          <dssp:Service>follower.config.xml</dssp:Service>
          <dssp:PartnerList />
          <dssp:Name>dssp:StateService</dssp:Name>
        </dssp:Partner>
        <dssp:Partner>
          <dssp:Contract>http://www.robubox.com/core/devices/differentialdrive.html</dssp:Contract>
          <dssp:PartnerList />
          <dssp:Name>differentialdrivetrajectoryfollower:differentialdrive</dssp:Name>
          <dssp:ServiceName>this:DifferentialDrivePartner</dssp:ServiceName>
        </dssp:Partner>
        <dssp:Partner>
          <dssp:Contract>http://www.robubox.com/core/signal/localization.html</dssp:Contract>
          <dssp:PartnerList />
          <dssp:Name>differentialdrivetrajectoryfollower:localization</dssp:Name>
          <dssp:ServiceName>this:LocalizationModel</dssp:ServiceName>
        </dssp:Partner>
      </dssp:PartnerList>
      <Name>this:TrajectoryFollower</Name>
    </ServiceRecordType>
    <ServiceRecordType>
      <dssp:Contract>http://www.robubox.con/algorithms/stepdifferentialcontrol.html</dssp:Contract>
      <dssp:Service>http://localhost:80/robulab/stepdifferentialcontrol</dssp:Service>
      <dssp:PartnerList>
        <dssp:Partner>
          <dssp:Contract>http://www.robubox.con/algorithms/stepdifferentialcontrol.html</dssp:Contract>
          <dssp:Service>stepdifferentialcontrol.config.xml</dssp:Service>
          <dssp:PartnerList />
          <dssp:Name>dssp:StateService</dssp:Name>
        </dssp:Partner>
        <dssp:Partner>
          <dssp:Contract>http://www.robubox.com/core/signal/localization.html</dssp:Contract>
          <dssp:PartnerList />
          <dssp:Name>stepdifferentialcontrol:localization</dssp:Name>
          <dssp:ServiceName>this:LocalizationModel</dssp:ServiceName>
        </dssp:Partner>
        <dssp:Partner>
          <dssp:Contract>http://www.robubox.com/core/devices/differentialdrive.html</dssp:Contract>
          <dssp:PartnerList />
          <dssp:Name>stepdifferentialcontrol:differentialdrive</dssp:Name>
          <dssp:ServiceName>this:DifferentialDrivePartner</dssp:ServiceName>
        </dssp:Partner>
      </dssp:PartnerList>
      <Name>this:StepDifferentialControl</Name>
    </ServiceRecordType>
    <ServiceRecordType>
      <dssp:Contract>http://www.robubox.com/simulations/models/battery.html</dssp:Contract>
      <dssp:Service>http://localhost:80/robulab/battery</dssp:Service>
      <dssp:PartnerList>
        <dssp:Partner>
          <dssp:Contract>http://www.robubox.com/simulations/models/battery.html</dssp:Contract>
          <dssp:Service>batterymodel.config.xml</dssp:Service>
          <dssp:PartnerList />
          <dssp:Name>dssp:StateService</dssp:Name>
        </dssp:Partner>
      </dssp:PartnerList>
      <Name>this:BatteryModel</Name>
    </ServiceRecordType>
    <ServiceRecordType>
      <dssp:Contract>http://schemas.microsoft.com/robotics/2007/08/joystickform.html</dssp:Contract>
      <dssp:PartnerList />
      <Name>this:DesktopJoystick</Name>
    </ServiceRecordType>
    <ServiceRecordType>
      <dssp:Contract>http://www.robubox.com/simulations/models/camera.html</dssp:Contract>
      <dssp:Service>http://localhost:80/simulation/camera</dssp:Service>
      <dssp:PartnerList>
        <dssp:Partner>
          <dssp:Contract>http://www.robubox.com/simulations/models/camera.html</dssp:Contract>
          <dssp:Service>robuboxsimulationscameramodel.config.xml</dssp:Service>
          <dssp:PartnerList />
          <dssp:Name>dssp:StateService</dssp:Name>
        </dssp:Partner>
        <dssp:Partner>
          <dssp:Contract>http://www.robubox.com/simulations/simulatedrobot.html</dssp:Contract>
          <dssp:PartnerList />
          <dssp:Name>camera:simulatedrobot</dssp:Name>
          <dssp:ServiceName>this:DifferentialDriveModel</dssp:ServiceName>
        </dssp:Partner>
      </dssp:PartnerList>
      <Name>this:RobuBOXSimulationsCameraModel</Name>
    </ServiceRecordType>
  </CreateServiceList>
</Manifest>