﻿<?xml version="1.0" encoding="utf-8"?>
<BatteryModelState xmlns:s="http://www.w3.org/2003/05/soap-envelope" xmlns:wsa="http://schemas.xmlsoap.org/ws/2004/08/addressing" xmlns:d="http://schemas.microsoft.com/xw/2004/10/dssp.html" xmlns="http://www.robubox.com/simulations/models/battery.html">
	<BatteryState>
		<Timestamp xmlns="http://www.robubox.com/core/devices/battery.html">0</Timestamp>
		<Properties xmlns="http://www.robubox.com/core/devices/battery.html">
			<Voltage>18</Voltage>
			<Power>20</Power>
			<Critical>10</Critical>
		</Properties>
		<Status xmlns="http://www.robubox.com/core/devices/battery.html">Status_Ok</Status>
		<Remaining xmlns="http://www.robubox.com/core/devices/battery.html">89</Remaining>
	</BatteryState>
	<Period>30</Period>
</BatteryModelState>