﻿<?xml version="1.0" encoding="utf-8"?>
<DifferentialDriveModelState xmlns:s="http://www.w3.org/2003/05/soap-envelope" xmlns:wsa="http://schemas.xmlsoap.org/ws/2004/08/addressing" xmlns:d="http://schemas.microsoft.com/xw/2004/10/dssp.html" xmlns="http://www.robosoft.com/simulations/models/differentialdrive.html">
  <InitialPose>
    <Position xmlns="http://schemas.microsoft.com/robotics/2006/07/physicalmodel.html">
      <X>0</X>
      <Y>0.3</Y>
      <Z>5</Z>
    </Position>
    <Orientation xmlns="http://schemas.microsoft.com/robotics/2006/07/physicalmodel.html">
      <X>0</X>
      <Y>0</Y>
      <Z>0</Z>
      <W>1</W>
    </Orientation>
  </InitialPose>
  <LateralTireForceFunctionDescription>
    <ExtremumSlip xmlns="http://schemas.microsoft.com/robotics/2006/07/physicalmodel.html">1</ExtremumSlip>
    <ExtremumValue xmlns="http://schemas.microsoft.com/robotics/2006/07/physicalmodel.html">0.02</ExtremumValue>
    <AsymptoteSlip xmlns="http://schemas.microsoft.com/robotics/2006/07/physicalmodel.html">2</AsymptoteSlip>
    <AsymptoteValue xmlns="http://schemas.microsoft.com/robotics/2006/07/physicalmodel.html">0.01</AsymptoteValue>
    <StiffnessFactor xmlns="http://schemas.microsoft.com/robotics/2006/07/physicalmodel.html">1E+09</StiffnessFactor>
  </LateralTireForceFunctionDescription>
  <LongitudinalTireForceFunctionDescription>
    <ExtremumSlip xmlns="http://schemas.microsoft.com/robotics/2006/07/physicalmodel.html">1</ExtremumSlip>
    <ExtremumValue xmlns="http://schemas.microsoft.com/robotics/2006/07/physicalmodel.html">0.02</ExtremumValue>
    <AsymptoteSlip xmlns="http://schemas.microsoft.com/robotics/2006/07/physicalmodel.html">2</AsymptoteSlip>
    <AsymptoteValue xmlns="http://schemas.microsoft.com/robotics/2006/07/physicalmodel.html">0.01</AsymptoteValue>
    <StiffnessFactor xmlns="http://schemas.microsoft.com/robotics/2006/07/physicalmodel.html">1E+09</StiffnessFactor>
  </LongitudinalTireForceFunctionDescription>
  <DifferentialDriveEntityProperties>
    <WheelProperties>
      <ShapeId xmlns="http://schemas.microsoft.com/robotics/2006/04/simulation/physics.html">Wheel</ShapeId>
      <Dimensions xmlns="http://schemas.microsoft.com/robotics/2006/04/simulation/physics.html">
        <X xmlns="http://schemas.microsoft.com/robotics/2006/07/physicalmodel.html">0</X>
        <Y xmlns="http://schemas.microsoft.com/robotics/2006/07/physicalmodel.html">0</Y>
        <Z xmlns="http://schemas.microsoft.com/robotics/2006/07/physicalmodel.html">0</Z>
      </Dimensions>
      <Radius xmlns="http://schemas.microsoft.com/robotics/2006/04/simulation/physics.html">0.075</Radius>
      <MassDensity xmlns="http://schemas.microsoft.com/robotics/2006/04/simulation/physics.html">
        <Mass>0.1</Mass>
        <InertiaTensor>
          <X xmlns="http://schemas.microsoft.com/robotics/2006/07/physicalmodel.html">0</X>
          <Y xmlns="http://schemas.microsoft.com/robotics/2006/07/physicalmodel.html">0</Y>
          <Z xmlns="http://schemas.microsoft.com/robotics/2006/07/physicalmodel.html">0</Z>
        </InertiaTensor>
        <CenterOfMass>
          <Position xmlns="http://schemas.microsoft.com/robotics/2006/07/physicalmodel.html">
            <X>0</X>
            <Y>0</Y>
            <Z>0</Z>
          </Position>
          <Orientation xmlns="http://schemas.microsoft.com/robotics/2006/07/physicalmodel.html">
            <X>0</X>
            <Y>0</Y>
            <Z>0</Z>
            <W>0</W>
          </Orientation>
        </CenterOfMass>
        <Density>0</Density>
        <LinearDamping>0</LinearDamping>
        <AngularDamping>0</AngularDamping>
        <MassLocalPose>
          <Position xmlns="http://schemas.microsoft.com/robotics/2006/07/physicalmodel.html">
            <X>0</X>
            <Y>0</Y>
            <Z>0</Z>
          </Position>
          <Orientation xmlns="http://schemas.microsoft.com/robotics/2006/07/physicalmodel.html">
            <X>0</X>
            <Y>0</Y>
            <Z>0</Z>
            <W>1</W>
          </Orientation>
        </MassLocalPose>
      </MassDensity>
      <LocalPose xmlns="http://schemas.microsoft.com/robotics/2006/04/simulation/physics.html">
        <Position xmlns="http://schemas.microsoft.com/robotics/2006/07/physicalmodel.html">
          <X>0</X>
          <Y>0</Y>
          <Z>0</Z>
        </Position>
        <Orientation xmlns="http://schemas.microsoft.com/robotics/2006/07/physicalmodel.html">
          <X>0</X>
          <Y>0</Y>
          <Z>0</Z>
          <W>1</W>
        </Orientation>
      </LocalPose>
      <TextureFileName xmlns="http://schemas.microsoft.com/robotics/2006/04/simulation/physics.html" />
      <DiffuseColor xmlns="http://schemas.microsoft.com/robotics/2006/04/simulation/physics.html">
        <X xmlns="http://schemas.microsoft.com/robotics/2006/07/physicalmodel.html">0.5</X>
        <Y xmlns="http://schemas.microsoft.com/robotics/2006/07/physicalmodel.html">0.5</Y>
        <Z xmlns="http://schemas.microsoft.com/robotics/2006/07/physicalmodel.html">0.5</Z>
        <W xmlns="http://schemas.microsoft.com/robotics/2006/07/physicalmodel.html">1</W>
      </DiffuseColor>
      <EnableContactNotifications xmlns="http://schemas.microsoft.com/robotics/2006/04/simulation/physics.html">false</EnableContactNotifications>
      <InnerRadius xmlns="http://schemas.microsoft.com/robotics/2006/04/simulation/physics.html">0</InnerRadius>
      <SuspensionTravel xmlns="http://schemas.microsoft.com/robotics/2006/04/simulation/physics.html">0</SuspensionTravel>
      <Flags xmlns="http://schemas.microsoft.com/robotics/2006/04/simulation/physics.html" />
      <AxleSpeed xmlns="http://schemas.microsoft.com/robotics/2006/04/simulation/physics.html">0</AxleSpeed>
      <TireLateralForceFunction xmlns="http://schemas.microsoft.com/robotics/2006/04/simulation/physics.html">
        <ExtremumSlip xmlns="http://schemas.microsoft.com/robotics/2006/07/physicalmodel.html">1</ExtremumSlip>
        <ExtremumValue xmlns="http://schemas.microsoft.com/robotics/2006/07/physicalmodel.html">0.02</ExtremumValue>
        <AsymptoteSlip xmlns="http://schemas.microsoft.com/robotics/2006/07/physicalmodel.html">2</AsymptoteSlip>
        <AsymptoteValue xmlns="http://schemas.microsoft.com/robotics/2006/07/physicalmodel.html">0.01</AsymptoteValue>
        <StiffnessFactor xmlns="http://schemas.microsoft.com/robotics/2006/07/physicalmodel.html">1E+09</StiffnessFactor>
      </TireLateralForceFunction>
      <TireLongitudalForceFunction xmlns="http://schemas.microsoft.com/robotics/2006/04/simulation/physics.html">
        <ExtremumSlip xmlns="http://schemas.microsoft.com/robotics/2006/07/physicalmodel.html">1</ExtremumSlip>
        <ExtremumValue xmlns="http://schemas.microsoft.com/robotics/2006/07/physicalmodel.html">0.02</ExtremumValue>
        <AsymptoteSlip xmlns="http://schemas.microsoft.com/robotics/2006/07/physicalmodel.html">2</AsymptoteSlip>
        <AsymptoteValue xmlns="http://schemas.microsoft.com/robotics/2006/07/physicalmodel.html">0.01</AsymptoteValue>
        <StiffnessFactor xmlns="http://schemas.microsoft.com/robotics/2006/07/physicalmodel.html">1E+09</StiffnessFactor>
      </TireLongitudalForceFunction>
      <BrakeTorque xmlns="http://schemas.microsoft.com/robotics/2006/04/simulation/physics.html">0</BrakeTorque>
    </WheelProperties>
    <Mesh>robulab10.obj</Mesh>
    <MeshTranslation>
      <X xmlns="http://schemas.microsoft.com/robotics/2006/07/physicalmodel.html">0</X>
      <Y xmlns="http://schemas.microsoft.com/robotics/2006/07/physicalmodel.html">-0.075</Y>
      <Z xmlns="http://schemas.microsoft.com/robotics/2006/07/physicalmodel.html">0</Z>
    </MeshTranslation>
    <Mass>10</Mass>
    <Width>0.4</Width>
    <Length>0.4</Length>
    <Height>0.15</Height>
    <ChassisPose>
      <Position xmlns="http://schemas.microsoft.com/robotics/2006/07/physicalmodel.html">
        <X>0</X>
        <Y>0.075</Y>
        <Z>0</Z>
      </Position>
      <Orientation xmlns="http://schemas.microsoft.com/robotics/2006/07/physicalmodel.html">
        <X>0</X>
        <Y>0</Y>
        <Z>0</Z>
        <W>1</W>
      </Orientation>
    </ChassisPose>
    <CastorWheels>
      <CastorWheel>
        <Name>front castorwheel</Name>
        <Mass>0.001</Mass>
        <Pose>
          <Position xmlns="http://www.robubox.com/core.html">
            <X>0</X>
            <Y>-0.045</Y>
            <Z>0.2</Z>
          </Position>
          <Orientation xmlns="http://www.robubox.com/core.html">
            <X>0</X>
            <Y>0</Y>
            <Z>0</Z>
            <W>0</W>
          </Orientation>
        </Pose>
        <Radius>0.03</Radius>
      </CastorWheel>
      <CastorWheel>
        <Name>rear castorwheel</Name>
        <Mass>0.001</Mass>
        <Pose>
          <Position xmlns="http://www.robubox.com/core.html">
            <X>0</X>
            <Y>-0.045</Y>
            <Z>-0.2</Z>
          </Position>
          <Orientation xmlns="http://www.robubox.com/core.html">
            <X>0</X>
            <Y>0</Y>
            <Z>0</Z>
            <W>0</W>
          </Orientation>
        </Pose>
        <Radius>0.03</Radius>
      </CastorWheel>
    </CastorWheels>
    <CastorWheelsSupports>
      <CastorWheelSupport>
        <Name>Front castor wheel support</Name>
        <Mass>0.001</Mass>
        <Pose>
          <Position xmlns="http://www.robubox.com/core.html">
            <X>0</X>
            <Y>-0.0075</Y>
            <Z>0.2</Z>
          </Position>
          <Orientation xmlns="http://www.robubox.com/core.html">
            <X>0</X>
            <Y>0</Y>
            <Z>0</Z>
            <W>0</W>
          </Orientation>
        </Pose>
        <Dimentions>
          <X xmlns="http://www.robubox.com/core.html">0.014999999664723873</X>
          <Y xmlns="http://www.robubox.com/core.html">0.015</Y>
          <Z xmlns="http://www.robubox.com/core.html">0.015</Z>
        </Dimentions>
      </CastorWheelSupport>
      <CastorWheelSupport>
        <Name>Rear castor wheel support</Name>
        <Mass>0.001</Mass>
        <Pose>
          <Position xmlns="http://www.robubox.com/core.html">
            <X>0</X>
            <Y>-0.0074999998323619366</Y>
            <Z>-0.20000000298023224</Z>
          </Position>
          <Orientation xmlns="http://www.robubox.com/core.html">
            <X>0</X>
            <Y>0</Y>
            <Z>0</Z>
            <W>0</W>
          </Orientation>
        </Pose>
        <Dimentions>
          <X xmlns="http://www.robubox.com/core.html">0.014999999664723873</X>
          <Y xmlns="http://www.robubox.com/core.html">0.014999999664723873</Y>
          <Z xmlns="http://www.robubox.com/core.html">0.014999999664723873</Z>
        </Dimentions>
      </CastorWheelSupport>
    </CastorWheelsSupports>
  </DifferentialDriveEntityProperties>
  <SimulatedRobotState>
    <EntityName xmlns="http://www.robubox.com/simulations/simulatedrobot.html">RobuLAB10</EntityName>
    <Timestamp xmlns="http://www.robubox.com/simulations/simulatedrobot.html">0</Timestamp>
  </SimulatedRobotState>
</DifferentialDriveModelState>