﻿<?xml version="1.0" encoding="utf-8"?>
<DifferentialDrivePartnerState xmlns:s="http://www.w3.org/2003/05/soap-envelope" xmlns:wsa="http://schemas.xmlsoap.org/ws/2004/08/addressing" xmlns:d="http://schemas.microsoft.com/xw/2004/10/dssp.html" xmlns="http://www.robubox.com/simulations/partners/differentialdrive.html">
	<CommunicationPeriod>100</CommunicationPeriod>
	<DifferentialDriveState>
		<Timestamp xmlns="http://www.robubox.com/core/devices/differentialdrive.html">0</Timestamp>
		<Properties xmlns="http://www.robubox.com/core/devices/differentialdrive.html">
			<MaxLinearSpeed>1</MaxLinearSpeed>
			<MinLinearSpeed>-1</MinLinearSpeed>
			<MaxAngularSpeed>2</MaxAngularSpeed>
			<MinAngularSpeed>-2</MinAngularSpeed>
			<MaxLinearAcceleration>2</MaxLinearAcceleration>
			<MaxLinearDeceleration>2</MaxLinearDeceleration>
			<MaxAngularAcceleration>6</MaxAngularAcceleration>
			<MaxAngularDeceleration>6</MaxAngularDeceleration>
			<Width>0.4</Width>
		</Properties>
	</DifferentialDriveState>
</DifferentialDrivePartnerState>