﻿<?xml version="1.0" encoding="utf-8"?>
<DifferentialDriveTrajectoryFollowerState xmlns:xsd="http://www.w3.org/2001/XMLSchema" xmlns:xsi="http://www.w3.org/2001/XMLSchema-instance" xmlns="http://www.robubox.com/algorithms/differentialdrivetrajectoryfollower.html">
	<ControlPointDistance>0.2</ControlPointDistance>
	<LinearAcceleration>0.2</LinearAcceleration>
	<LinearDeceleration>0.05</LinearDeceleration>
	<ControlLinearSpeed>0</ControlLinearSpeed>
	<ControlAngularSpeed>0</ControlAngularSpeed>
	<TrajectoryFollowerState xmlns="http://www.robubox.com/core/control/trajectoryfollower.html">
		<Timestamp>0</Timestamp>
		<Status>Waiting</Status>
		<DistanceCovered>0</DistanceCovered>
		<HeadingError xmlns="http://www.robubox.com/core.html">
			<X>0</X>
			<Y>0</Y>
			<Z>0</Z>
			<W>0</W>
		</HeadingError>
		<LateralError xmlns="http://www.robubox.com/core.html">
			<X>0</X>
			<Y>0</Y>
			<Z>0</Z>
		</LateralError>
	</TrajectoryFollowerState>
	<CurrentTrajectory />
	<MaxLateralError>1</MaxLateralError>
	<MaxHeadingError>1</MaxHeadingError>
	<MorinSamsonGain>20</MorinSamsonGain>
	<TargetReachedThreshold>0.03</TargetReachedThreshold>
	<HeadingSearchSpeed>1</HeadingSearchSpeed>
	<HeadingSearchGain>2</HeadingSearchGain>
</DifferentialDriveTrajectoryFollowerState>