﻿<?xml version="1.0" encoding="utf-8"?>
<IOCardModelState xmlns:s="http://www.w3.org/2003/05/soap-envelope" xmlns:wsa="http://schemas.xmlsoap.org/ws/2004/08/addressing" xmlns:d="http://schemas.microsoft.com/xw/2004/10/dssp.html" xmlns="http://www.robubox.com/simulations/models/iocard.html">
	<IOCardState>
		<Timestamp xmlns="http://www.robubox.com/core/devices/iocard.html">0</Timestamp>
		<DigitalInputs xmlns="http://www.robubox.com/core/devices/iocard.html">
			<boolean>false</boolean>
			<boolean>false</boolean>
			<boolean>false</boolean>
			<boolean>false</boolean>
			<boolean>false</boolean>
			<boolean>false</boolean>
			<boolean>false</boolean>
			<boolean>false</boolean>
			<boolean>false</boolean>
			<boolean>false</boolean>
			<boolean>false</boolean>
			<boolean>false</boolean>
			<boolean>false</boolean>
			<boolean>false</boolean>
			<boolean>false</boolean>
			<boolean>false</boolean>
		</DigitalInputs>
		<DigitalOutputs xmlns="http://www.robubox.com/core/devices/iocard.html">
			<boolean>false</boolean>
			<boolean>false</boolean>
			<boolean>false</boolean>
			<boolean>false</boolean>
			<boolean>false</boolean>
			<boolean>false</boolean>
			<boolean>false</boolean>
			<boolean>false</boolean>
			<boolean>false</boolean>
			<boolean>false</boolean>
			<boolean>false</boolean>
			<boolean>false</boolean>
			<boolean>false</boolean>
			<boolean>false</boolean>
			<boolean>false</boolean>
			<boolean>false</boolean>
		</DigitalOutputs>
		<AnalogInputs xmlns="http://www.robubox.com/core/devices/iocard.html">
			<double>0</double>
			<double>0</double>
			<double>0</double>
			<double>0</double>
			<double>0</double>
			<double>0</double>
			<double>0</double>
			<double>0</double>
			<double>0</double>
			<double>0</double>
			<double>0</double>
			<double>0</double>
			<double>0</double>
			<double>0</double>
			<double>0</double>
			<double>0</double>
		</AnalogInputs>
		<AnalogOutputs xmlns="http://www.robubox.com/core/devices/iocard.html">
			<double>0</double>
			<double>0</double>
			<double>0</double>
			<double>0</double>
			<double>0</double>
			<double>0</double>
			<double>0</double>
			<double>0</double>
			<double>0</double>
			<double>0</double>
			<double>0</double>
			<double>0</double>
			<double>0</double>
			<double>0</double>
			<double>0</double>
			<double>0</double>
		</AnalogOutputs>
	</IOCardState>
</IOCardModelState>