﻿<?xml version="1.0" encoding="utf-8"?>
<LaserModelState xmlns:s="http://www.w3.org/2003/05/soap-envelope" xmlns:wsa="http://schemas.xmlsoap.org/ws/2004/08/addressing" xmlns:d="http://schemas.microsoft.com/xw/2004/10/dssp.html" xmlns="http://www.robubox.com/simulations/models/laser.html">
  <RayCastProperties>
    <OriginPose xmlns="http://schemas.microsoft.com/robotics/2006/04/simulation/physics.html">
      <Position xmlns="http://schemas.microsoft.com/robotics/2006/07/physicalmodel.html">
        <X>0</X>
        <Y>0.1</Y>
        <Z>0.15</Z>
      </Position>
      <Orientation xmlns="http://schemas.microsoft.com/robotics/2006/07/physicalmodel.html">
        <X>0</X>
        <Y>0</Y>
        <Z>0</Z>
        <W>1</W>
      </Orientation>
    </OriginPose>
    <StartAngle xmlns="http://schemas.microsoft.com/robotics/2006/04/simulation/physics.html">-135</StartAngle>
    <EndAngle xmlns="http://schemas.microsoft.com/robotics/2006/04/simulation/physics.html">135</EndAngle>
    <AngleIncrement xmlns="http://schemas.microsoft.com/robotics/2006/04/simulation/physics.html">1</AngleIncrement>
    <Range xmlns="http://schemas.microsoft.com/robotics/2006/04/simulation/physics.html">40</Range>
    <ScanInterval xmlns="http://schemas.microsoft.com/robotics/2006/04/simulation/physics.html">80</ScanInterval>
  </RayCastProperties>
  <LaserState>
    <Timestamp xmlns="http://www.robubox.com/core/devices/laser.html">0</Timestamp>
    <Pose xmlns="http://www.robubox.com/core/devices/laser.html">
      <Position xmlns="http://www.robubox.com/core.html">
        <X>0.15</X>
        <Y>0</Y>
        <Z>0.2</Z>
      </Position>
      <Orientation xmlns="http://www.robubox.com/core.html">
        <X>0</X>
        <Y>0</Y>
        <Z>0</Z>
        <W>1</W>
      </Orientation>
    </Pose>
    <Echoes xmlns="http://www.robubox.com/core/devices/laser.html" />
  </LaserState>
</LaserModelState>