﻿<?xml version="1.0" encoding="utf-8"?>
<SimulatedLocalizationState xmlns:s="http://www.w3.org/2003/05/soap-envelope" xmlns:wsa="http://schemas.xmlsoap.org/ws/2004/08/addressing" xmlns:d="http://schemas.microsoft.com/xw/2004/10/dssp.html" xmlns="http://www.robubox.com/simulations/models/localization.html">
	<WorldOffset>
		<X xmlns="http://schemas.microsoft.com/robotics/2006/07/physicalmodel.html">5</X>
		<Y xmlns="http://schemas.microsoft.com/robotics/2006/07/physicalmodel.html">0</Y>
	</WorldOffset>
	<LocalizationState>
		<Timestamp xmlns="http://www.robubox.com/core/signal/localization.html">0</Timestamp>
		<Accuracy xmlns="http://www.robubox.com/core/signal/localization.html">High</Accuracy>
	</LocalizationState>
</SimulatedLocalizationState>