﻿<?xml version="1.0" encoding="utf-8"?>
<CameraModelState xmlns:s="http://www.w3.org/2003/05/soap-envelope" xmlns:d="http://schemas.microsoft.com/xw/2004/10/dssp.html" xmlns:wsa="http://schemas.xmlsoap.org/ws/2004/08/addressing" xmlns="http://www.robubox.com/simulations/models/camera.html">
  <Pose>
    <X xmlns="http://schemas.microsoft.com/robotics/2006/07/physicalmodel.html">0</X>
    <Y xmlns="http://schemas.microsoft.com/robotics/2006/07/physicalmodel.html">0.8</Y>
    <Z xmlns="http://schemas.microsoft.com/robotics/2006/07/physicalmodel.html">-0.5</Z>
  </Pose>
  <Rotation>
    <X xmlns="http://schemas.microsoft.com/robotics/2006/07/physicalmodel.html">-30</X>
    <Y xmlns="http://schemas.microsoft.com/robotics/2006/07/physicalmodel.html">180</Y>
    <Z xmlns="http://schemas.microsoft.com/robotics/2006/07/physicalmodel.html">0</Z>
  </Rotation>
  <FieldOfView>60</FieldOfView>
  <ViewSizeX>640</ViewSizeX>
  <ViewSizeY>480</ViewSizeY>
</CameraModelState>