﻿<?xml version="1.0" encoding="utf-8"?>
<StepDifferentialControlState xmlns:s="http://www.w3.org/2003/05/soap-envelope" xmlns:d="http://schemas.microsoft.com/xw/2004/10/dssp.html" xmlns:wsa="http://schemas.xmlsoap.org/ws/2004/08/addressing" xmlns="http://www.robubox.con/algorithms/stepdifferentialcontrol.html">
  <StepState />
  <Properties>
    <KpGain>2</KpGain>
    <RotationErrorThreshold>0.05</RotationErrorThreshold>
    <TranslationErrorThreshold>0.01</TranslationErrorThreshold>
  </Properties>
</StepDifferentialControlState>