﻿<?xml version="1.0" encoding="utf-8"?>
<DashboardState xmlns:s="http://www.w3.org/2003/05/soap-envelope" xmlns:d="http://schemas.microsoft.com/xw/2004/10/dssp.html" xmlns:wsa="http://schemas.xmlsoap.org/ws/2004/08/addressing" xmlns="http://www.robubox.com/gui/dashboard.html">
  <ShowMenu>true</ShowMenu>
  <Root>
    <Ratio>0.6768402154398564</Ratio>
    <Split>Horizontal</Split>
    <First>
      <Ratio>0.60729166666666667</Ratio>
      <Split>Vertical</Split>
      <First>
        <Ratio>0</Ratio>
        <Split>Vertical</Split>
        <Name>gui/mapviewer</Name>
      </First>
      <Second>
        <Ratio>0.576</Ratio>
        <Split>Vertical</Split>
        <First>
          <Ratio>0</Ratio>
          <Split>Vertical</Split>
          <Name>gui/motionmanagerviewer</Name>
        </First>
        <Second>
          <Ratio>0</Ratio>
          <Split>Vertical</Split>
          <Name>gui/mapmanagerviewer</Name>
        </Second>
      </Second>
    </First>
    <Second>
      <Ratio>0.5</Ratio>
      <Split>Vertical</Split>
      <First>
        <Ratio>0</Ratio>
        <Split>Vertical</Split>
        <Name>gui/consoleviewer</Name>
      </First>
      <Second>
        <Ratio>0</Ratio>
        <Split>Vertical</Split>
        <Name>gui/luaviewerLua</Name>
      </Second>
    </Second>
  </Root>
</DashboardState>