﻿<?xml version="1.0" encoding="utf-8"?>
<DashboardState xmlns:s="http://www.w3.org/2003/05/soap-envelope" xmlns:d="http://schemas.microsoft.com/xw/2004/10/dssp.html" xmlns:wsa="http://schemas.xmlsoap.org/ws/2004/08/addressing" xmlns="http://www.robubox.com/gui/dashboard.html">
  <ShowMenu>true</ShowMenu>
  <Root>
    <Ratio>0.670556552962298</Ratio>
    <Split>Horizontal</Split>
    <First>
      <Ratio>0.80677083333333333</Ratio>
      <Split>Vertical</Split>
      <First>
        <Ratio>0.592640413169787</Ratio>
        <Split>Vertical</Split>
        <First>
          <Ratio>0</Ratio>
          <Split>Vertical</Split>
          <Name>gui/mapviewer</Name>
        </First>
        <Second>
          <Ratio>0</Ratio>
          <Split>Vertical</Split>
          <Name>gui/axiscameraviewerCam</Name>
        </Second>
      </First>
      <Second>
        <Ratio>0.6987951807228916</Ratio>
        <Split>Horizontal</Split>
        <First>
          <Ratio>0</Ratio>
          <Split>Vertical</Split>
          <Name>gui/motionmanagerviewer</Name>
        </First>
        <Second>
          <Ratio>0</Ratio>
          <Split>Vertical</Split>
          <Name>gui/explorerviewer</Name>
        </Second>
      </Second>
    </First>
    <Second>
      <Ratio>0.6489583333333333</Ratio>
      <Split>Vertical</Split>
      <First>
        <Ratio>0</Ratio>
        <Split>Vertical</Split>
        <Name>gui/consoleviewer</Name>
      </First>
      <Second>
        <Ratio>0.4955223880597015</Ratio>
        <Split>Vertical</Split>
        <First>
          <Ratio>0</Ratio>
          <Split>Vertical</Split>
          <Name>gui/mapperviewer</Name>
        </First>
        <Second>
          <Ratio>0</Ratio>
          <Split>Vertical</Split>
          <Name>gui/mapmanagerviewer</Name>
        </Second>
      </Second>
    </Second>
  </Root>
</DashboardState>