﻿<?xml version="1.0" encoding="utf-8"?>
<MapperState xmlns:s="http://www.w3.org/2003/05/soap-envelope" xmlns:d="http://schemas.microsoft.com/xw/2004/10/dssp.html" xmlns:wsa="http://schemas.xmlsoap.org/ws/2004/08/addressing" xmlns="http://www.robubox.com/navigation/karto/mapper.html">
	<Status>None</Status>
	<ScanNumber>10</ScanNumber>
	<MapName>SimulationApartment.png</MapName>
	<MapResolution>0.05</MapResolution>
	<UseScanMatching>false</UseScanMatching>
	<MaxRange>15</MaxRange>
	<MinimumTravelDistance>0.1</MinimumTravelDistance>
	<MinimumTravelHeading>0.1</MinimumTravelHeading>
	<ScanBufferSize>70</ScanBufferSize>
	<ScanBufferMaximumScanDistance>20</ScanBufferMaximumScanDistance>
	<CorrelationSearchSpaceDimension>0.3</CorrelationSearchSpaceDimension>
	<CorrelationSearchSpaceResolution>0.01</CorrelationSearchSpaceResolution>
	<CorrelationSearchSpaceSmearDeviation>0.03</CorrelationSearchSpaceSmearDeviation>
	<LinkMatchMinimumResponseFine>0.8</LinkMatchMinimumResponseFine>
	<LinkScanMaximumDistance>10</LinkScanMaximumDistance>
	<LoopSearchSpaceDimension>8</LoopSearchSpaceDimension>
	<LoopSearchSpaceResolution>0.05</LoopSearchSpaceResolution>
	<LoopSearchSpaceSmearDeviation>0.03</LoopSearchSpaceSmearDeviation>
	<LoopSearchMaximumDistance>4</LoopSearchMaximumDistance>
	<LoopMatchMinimumChainSize>10</LoopMatchMinimumChainSize>
	<LoopMatchMaximumVarianceCoarse>0.16</LoopMatchMaximumVarianceCoarse>
	<LoopMatchMinimumResponseCoarse>0.8</LoopMatchMinimumResponseCoarse>
	<LoopMatchMinimumResponseFine>0.8</LoopMatchMinimumResponseFine>
	<AngleVariancePenalty>0.35</AngleVariancePenalty>
	<DistanceVariancePenalty>0.3</DistanceVariancePenalty>
	<MinimumAnglePenalty>0.9</MinimumAnglePenalty>
	<MinimumDistancePenalty>0.5</MinimumDistancePenalty>
	<FineSearchAngleOffset>0.0035</FineSearchAngleOffset>
	<CoarseSearchAngleOffset>0.35</CoarseSearchAngleOffset>
	<CoarseAngleResolution>0.035</CoarseAngleResolution>
	<UseScanBarycenter>true</UseScanBarycenter>
	<UseResponseExpansion>false</UseResponseExpansion>
</MapperState>