<?xml version="1.0"?>
<!--This file was created with the Microsoft Visual Programming Language.-->
<Manifest xmlns:mapviewer="http://www.robubox.com/gui/mapviewer.html" xmlns:dashboard="http://www.robubox.com/gui/dashboard.html" xmlns:axiscameraviewer="http://www.robubox.com/gui/axiscameraviewer.html" xmlns:dssp="http://schemas.microsoft.com/xw/2004/10/dssp.html" xmlns:this="urn:uuid:b18f46bc-7fdd-433a-a539-83448c6a1791" xmlns:iocardviewer="http://www.robubox.com/gui/iocardviewer.html" xmlns:diagnosticviewer="http://www.robubox.com/gui/diagnosticviewer.html" xmlns:localizationviewer="http://robubox/gui/localizationviewer.html" xmlns:telemeterviewer="http://www.robubox.com/gui/telemeterviewer.html" xmlns:differentialdriveviewer="http://www.robubox.com/gui/differentialdriveviewer.html" xmlns:consoleviewer="http://www.robubox.com/gui/consoleviewer.html" xmlns:laserviewer="http://www.robubox.com/gui/laserviewer.html" xmlns:batteryviewer="http://www.robubox.com/gui/batteryviewer.html" xmlns="http://schemas.microsoft.com/xw/2004/10/manifest.html">
  <CreateServiceList>
    <ServiceRecordType>
      <dssp:Contract>http://www.robubox.com/gui/dashboard.html</dssp:Contract>
      <dssp:Service>http://localhost:80/gui/dashboard</dssp:Service>
      <dssp:PartnerList>
        <dssp:Partner>
          <dssp:Contract>http://www.robubox.com/gui/dashboard.html</dssp:Contract>
          <dssp:Service>dashboardservice.config.xml</dssp:Service>
          <dssp:PartnerList />
          <dssp:Name>dssp:StateService</dssp:Name>
        </dssp:Partner>
      </dssp:PartnerList>
      <Name>this:Dashboardservice</Name>
    </ServiceRecordType>
    <ServiceRecordType>
      <dssp:Contract>http://www.robubox.com/gui/consoleviewer.html</dssp:Contract>
      <dssp:Service>http://localhost:80/gui/consoleview</dssp:Service>
      <dssp:PartnerList>
        <dssp:Partner>
          <dssp:Contract>http://www.robubox.com/gui/dashboard.html</dssp:Contract>
          <dssp:PartnerList />
          <dssp:Name>consoleviewer:dashboard</dssp:Name>
          <dssp:ServiceName>this:Dashboardservice</dssp:ServiceName>
        </dssp:Partner>
      </dssp:PartnerList>
      <Name>this:ConsoleViewer</Name>
    </ServiceRecordType>
    <ServiceRecordType>
      <dssp:Contract>http://www.robubox.com/gui/batteryviewer.html</dssp:Contract>
      <dssp:Service>http://localhost:80/gui/batteryview</dssp:Service>
      <dssp:PartnerList>
        <dssp:Partner>
          <dssp:Contract>http://www.robubox.com/gui/dashboard.html</dssp:Contract>
          <dssp:PartnerList />
          <dssp:Name>batteryviewer:dashboard</dssp:Name>
          <dssp:ServiceName>this:Dashboardservice</dssp:ServiceName>
        </dssp:Partner>
      </dssp:PartnerList>
      <Name>this:BatteryViewer</Name>
    </ServiceRecordType>
    <ServiceRecordType>
      <dssp:Contract>http://www.robubox.com/gui/differentialdriveviewer.html</dssp:Contract>
      <dssp:Service>http://localhost:80/gui/differentialdriveview</dssp:Service>
      <dssp:PartnerList>
        <dssp:Partner>
          <dssp:Contract>http://www.robubox.com/gui/dashboard.html</dssp:Contract>
          <dssp:PartnerList />
          <dssp:Name>differentialdriveviewer:dashboard</dssp:Name>
          <dssp:ServiceName>this:Dashboardservice</dssp:ServiceName>
        </dssp:Partner>
      </dssp:PartnerList>
      <Name>this:DifferentialDriveViewer</Name>
    </ServiceRecordType>
    <ServiceRecordType>
      <dssp:Contract>http://www.robubox.com/gui/iocardviewer.html</dssp:Contract>
      <dssp:Service>http://localhost:80/gui/ioview</dssp:Service>
      <dssp:PartnerList>
        <dssp:Partner>
          <dssp:Contract>http://www.robubox.com/gui/dashboard.html</dssp:Contract>
          <dssp:PartnerList />
          <dssp:Name>iocardviewer:dashboard</dssp:Name>
          <dssp:ServiceName>this:Dashboardservice</dssp:ServiceName>
        </dssp:Partner>
      </dssp:PartnerList>
      <Name>this:IOCardViewer</Name>
    </ServiceRecordType>
    <ServiceRecordType>
      <dssp:Contract>http://www.robubox.com/gui/mapviewer.html</dssp:Contract>
      <dssp:Service>http://localhost:80/gui/mapview</dssp:Service>
      <dssp:PartnerList>
        <dssp:Partner>
          <dssp:Contract>http://www.robubox.com/gui/dashboard.html</dssp:Contract>
          <dssp:PartnerList />
          <dssp:Name>mapviewer:dashboard</dssp:Name>
          <dssp:ServiceName>this:Dashboardservice</dssp:ServiceName>
        </dssp:Partner>
      </dssp:PartnerList>
      <Name>this:MapViewer</Name>
    </ServiceRecordType>
    <ServiceRecordType>
      <dssp:Contract>http://www.robubox.com/gui/laserviewer.html</dssp:Contract>
      <dssp:Service>http://localhost:80/gui/laserview</dssp:Service>
      <dssp:PartnerList>
        <dssp:Partner>
          <dssp:Contract>http://www.robubox.com/gui/laserviewer.html</dssp:Contract>
          <dssp:Service>laserviewer.config.xml</dssp:Service>
          <dssp:PartnerList />
          <dssp:Name>dssp:StateService</dssp:Name>
        </dssp:Partner>
        <dssp:Partner>
          <dssp:Contract>http://www.robubox.com/gui/mapviewer.html</dssp:Contract>
          <dssp:PartnerList />
          <dssp:Name>laserviewer:map</dssp:Name>
          <dssp:ServiceName>this:MapViewer</dssp:ServiceName>
        </dssp:Partner>
      </dssp:PartnerList>
      <Name>this:LaserViewer</Name>
    </ServiceRecordType>
    <ServiceRecordType>
      <dssp:Contract>http://robubox/gui/localizationviewer.html</dssp:Contract>
      <dssp:Service>http://localhost:80/gui/localizationview</dssp:Service>
      <dssp:PartnerList>
        <dssp:Partner>
          <dssp:Contract>http://robubox/gui/localizationviewer.html</dssp:Contract>
          <dssp:Service>localizationviewer.config.xml</dssp:Service>
          <dssp:PartnerList />
          <dssp:Name>dssp:StateService</dssp:Name>
        </dssp:Partner>
        <dssp:Partner>
          <dssp:Contract>http://www.robubox.com/gui/mapviewer.html</dssp:Contract>
          <dssp:PartnerList />
          <dssp:Name>localizationviewer:map</dssp:Name>
          <dssp:ServiceName>this:MapViewer</dssp:ServiceName>
        </dssp:Partner>
      </dssp:PartnerList>
      <Name>this:LocalizationViewer</Name>
    </ServiceRecordType>
  </CreateServiceList>
</Manifest>