<?xml version="1.0"?>
<!--This file was created with the Microsoft Visual Programming Language.-->
<Manifest xmlns:mapviewer="http://www.robubox.com/gui/mapviewer.html" xmlns:mapper="http://www.robubox.com/navigation/karto/mapper.html" xmlns:axiscameraviewer="http://www.robubox.com/gui/axiscameraviewer.html" xmlns:dssp="http://schemas.microsoft.com/xw/2004/10/dssp.html" xmlns:this="urn:uuid:ba01a516-af88-4982-bbf3-548e73144419" xmlns:dashboard="http://www.robubox.com/gui/dashboard.html" xmlns:mapmanager="http://www.robubox.com/navigation/mapmanager.html" xmlns:mapperviewer="http://www.robubox.com/navigation/gui/mapperviewer.html" xmlns:localizationviewer="http://robubox/gui/localizationviewer.html" xmlns:mapmanagerviewer="http://www.robubox.com/navigation/gui/mapmanagerviewer.html" xmlns:consoleviewer="http://www.robubox.com/gui/consoleviewer.html" xmlns:laserviewer="http://www.robubox.com/gui/laserviewer.html" xmlns="http://schemas.microsoft.com/xw/2004/10/manifest.html">
  <CreateServiceList>
    <ServiceRecordType>
      <dssp:Contract>http://www.robubox.com/navigation/karto/mapper.html</dssp:Contract>
      <dssp:Service>http://localhost:80/navigation/karto/mapper</dssp:Service>
      <dssp:PartnerList>
        <dssp:Partner>
          <dssp:Contract>http://www.robubox.com/navigation/karto/mapper.html</dssp:Contract>
          <dssp:Service>mapper.config.xml</dssp:Service>
          <dssp:PartnerList />
          <dssp:Name>dssp:StateService</dssp:Name>
        </dssp:Partner>
      </dssp:PartnerList>
      <Name>this:Mapper</Name>
    </ServiceRecordType>
    <ServiceRecordType>
      <dssp:Contract>http://www.robubox.com/navigation/mapmanager.html</dssp:Contract>
      <dssp:Service>http://localhost:80/navigation/mapmanager</dssp:Service>
      <dssp:PartnerList>
        <dssp:Partner>
          <dssp:Contract>http://www.robubox.com/navigation/mapmanager.html</dssp:Contract>
          <dssp:Service>mapmanager.config.xml</dssp:Service>
          <dssp:PartnerList />
          <dssp:Name>dssp:StateService</dssp:Name>
        </dssp:Partner>
      </dssp:PartnerList>
      <Name>this:MapManager</Name>
    </ServiceRecordType>
    <ServiceRecordType>
      <dssp:Contract>http://www.robubox.com/gui/dashboard.html</dssp:Contract>
      <dssp:Service>http://localhost:80/gui/dashboard</dssp:Service>
      <dssp:PartnerList>
        <dssp:Partner>
          <dssp:Contract>http://www.robubox.com/gui/dashboard.html</dssp:Contract>
          <dssp:Service>dashboardservice.config.xml</dssp:Service>
          <dssp:PartnerList />
          <dssp:Name>dssp:StateService</dssp:Name>
        </dssp:Partner>
      </dssp:PartnerList>
      <Name>this:Dashboardservice</Name>
    </ServiceRecordType>
    <ServiceRecordType>
      <dssp:Contract>http://www.robubox.com/gui/mapviewer.html</dssp:Contract>
      <dssp:Service>http://localhost:80/gui/mapview</dssp:Service>
      <dssp:PartnerList>
        <dssp:Partner>
          <dssp:Contract>http://www.robubox.com/gui/dashboard.html</dssp:Contract>
          <dssp:PartnerList />
          <dssp:Name>mapviewer:dashboard</dssp:Name>
          <dssp:ServiceName>this:Dashboardservice</dssp:ServiceName>
        </dssp:Partner>
      </dssp:PartnerList>
      <Name>this:MapViewer</Name>
    </ServiceRecordType>
    <ServiceRecordType>
      <dssp:Contract>http://www.robubox.com/gui/laserviewer.html</dssp:Contract>
      <dssp:Service>http://localhost:80/gui/laserview</dssp:Service>
      <dssp:PartnerList>
        <dssp:Partner>
          <dssp:Contract>http://www.robubox.com/gui/laserviewer.html</dssp:Contract>
          <dssp:Service>laserviewer.config.xml</dssp:Service>
          <dssp:PartnerList />
          <dssp:Name>dssp:StateService</dssp:Name>
        </dssp:Partner>
      </dssp:PartnerList>
      <Name>this:LaserViewer</Name>
    </ServiceRecordType>
    <ServiceRecordType>
      <dssp:Contract>http://robubox/gui/localizationviewer.html</dssp:Contract>
      <dssp:Service>http://localhost:80/gui/localizationviewer</dssp:Service>
      <dssp:PartnerList>
        <dssp:Partner>
          <dssp:Contract>http://robubox/gui/localizationviewer.html</dssp:Contract>
          <dssp:Service>localizationviewer.config.xml</dssp:Service>
          <dssp:PartnerList />
          <dssp:Name>dssp:StateService</dssp:Name>
        </dssp:Partner>
        <dssp:Partner>
          <dssp:Contract>http://www.robubox.com/gui/mapviewer.html</dssp:Contract>
          <dssp:PartnerList />
          <dssp:Name>localizationviewer:map</dssp:Name>
          <dssp:ServiceName>this:MapViewer</dssp:ServiceName>
        </dssp:Partner>
      </dssp:PartnerList>
      <Name>this:LocalizationViewer</Name>
    </ServiceRecordType>
    <ServiceRecordType>
      <dssp:Contract>http://www.robubox.com/gui/consoleviewer.html</dssp:Contract>
      <dssp:Service>http://localhost:80/gui/console</dssp:Service>
      <dssp:PartnerList>
        <dssp:Partner>
          <dssp:Contract>http://www.robubox.com/gui/dashboard.html</dssp:Contract>
          <dssp:PartnerList />
          <dssp:Name>consoleviewer:dashboard</dssp:Name>
          <dssp:ServiceName>this:Dashboardservice</dssp:ServiceName>
        </dssp:Partner>
      </dssp:PartnerList>
      <Name>this:ConsoleViewer</Name>
    </ServiceRecordType>
    <ServiceRecordType>
      <dssp:Contract>http://www.robubox.com/gui/axiscameraviewer.html</dssp:Contract>
      <dssp:Service>http://localhost:80/gui/ipcameraviewer</dssp:Service>
      <dssp:PartnerList>
        <dssp:Partner>
          <dssp:Contract>http://www.robubox.com/gui/axiscameraviewer.html</dssp:Contract>
          <dssp:Service>axiscameraviewer.config.xml</dssp:Service>
          <dssp:PartnerList />
          <dssp:Name>dssp:StateService</dssp:Name>
        </dssp:Partner>
        <dssp:Partner>
          <dssp:Contract>http://www.robubox.com/gui/dashboard.html</dssp:Contract>
          <dssp:PartnerList />
          <dssp:Name>axiscameraviewer:dashboard</dssp:Name>
          <dssp:ServiceName>this:Dashboardservice</dssp:ServiceName>
        </dssp:Partner>
      </dssp:PartnerList>
      <Name>this:AxisCameraViewer</Name>
    </ServiceRecordType>
    <ServiceRecordType>
      <dssp:Contract>http://www.robubox.com/navigation/gui/mapperviewer.html</dssp:Contract>
      <dssp:Service>http://localhost:80/navigation/gui/mapperviewer</dssp:Service>
      <dssp:PartnerList>
        <dssp:Partner>
          <dssp:Contract>http://www.robubox.com/navigation/karto/mapper.html</dssp:Contract>
          <dssp:PartnerList />
          <dssp:Name>mapperviewer:mapper</dssp:Name>
          <dssp:ServiceName>this:Mapper</dssp:ServiceName>
        </dssp:Partner>
        <dssp:Partner>
          <dssp:Contract>http://www.robubox.com/gui/dashboard.html</dssp:Contract>
          <dssp:PartnerList />
          <dssp:Name>mapperviewer:dashboard</dssp:Name>
          <dssp:ServiceName>this:Dashboardservice</dssp:ServiceName>
        </dssp:Partner>
      </dssp:PartnerList>
      <Name>this:MapperViewer</Name>
    </ServiceRecordType>
    <ServiceRecordType>
      <dssp:Contract>http://www.robubox.com/navigation/gui/mapmanagerviewer.html</dssp:Contract>
      <dssp:Service>http://localhost:80/navigation/gui/mapmanagerviewer</dssp:Service>
      <dssp:PartnerList>
        <dssp:Partner>
          <dssp:Contract>http://www.robubox.com/navigation/mapmanager.html</dssp:Contract>
          <dssp:PartnerList />
          <dssp:Name>mapmanagerviewer:mapmanager</dssp:Name>
          <dssp:ServiceName>this:MapManager</dssp:ServiceName>
        </dssp:Partner>
        <dssp:Partner>
          <dssp:Contract>http://www.robubox.com/gui/dashboard.html</dssp:Contract>
          <dssp:PartnerList />
          <dssp:Name>mapmanagerviewer:dashboard</dssp:Name>
          <dssp:ServiceName>this:Dashboardservice</dssp:ServiceName>
        </dssp:Partner>
        <dssp:Partner>
          <dssp:Contract>http://www.robubox.com/gui/mapviewer.html</dssp:Contract>
          <dssp:PartnerList />
          <dssp:Name>mapmanagerviewer:mapviewer</dssp:Name>
          <dssp:ServiceName>this:MapViewer</dssp:ServiceName>
        </dssp:Partner>
      </dssp:PartnerList>
      <Name>this:MapManagerViewer</Name>
    </ServiceRecordType>
  </CreateServiceList>
</Manifest>