﻿<?xml version="1.0" encoding="utf-8"?>
<DashboardState xmlns:s="http://www.w3.org/2003/05/soap-envelope" xmlns:wsa="http://schemas.xmlsoap.org/ws/2004/08/addressing" xmlns:d="http://schemas.microsoft.com/xw/2004/10/dssp.html" xmlns="http://www.robubox.com/gui/dashboard.html">
  <ShowMenu>true</ShowMenu>
  <Root>
    <Ratio>0.58683473389355745</Ratio>
    <Split>Horizontal</Split>
    <First>
      <Ratio>0.634375</Ratio>
      <Split>Vertical</Split>
      <First>
        <Ratio>0</Ratio>
        <Split>Vertical</Split>
        <Name>gui/mapview</Name>
      </First>
      <Second>
        <Ratio>0</Ratio>
        <Split>Vertical</Split>
        <Name>gui/ipcameraviewerCam</Name>
      </Second>
    </First>
    <Second>
      <Ratio>0.634375</Ratio>
      <Split>Vertical</Split>
      <First>
        <Ratio>0</Ratio>
        <Split>Vertical</Split>
        <Name>gui/console</Name>
      </First>
      <Second>
        <Ratio>0.5</Ratio>
        <Split>Vertical</Split>
        <First>
          <Ratio>0</Ratio>
          <Split>Vertical</Split>
          <Name>navigation/gui/mapmanagerviewer</Name>
        </First>
        <Second>
          <Ratio>0</Ratio>
          <Split>Vertical</Split>
          <Name>navigation/gui/mapperviewer</Name>
        </Second>
      </Second>
    </Second>
  </Root>
</DashboardState>