﻿<?xml version="1.0" encoding="utf-8"?>
<DashboardState xmlns:s="http://www.w3.org/2003/05/soap-envelope" xmlns:d="http://schemas.microsoft.com/xw/2004/10/dssp.html" xmlns:wsa="http://schemas.xmlsoap.org/ws/2004/08/addressing" xmlns="http://www.robubox.com/gui/dashboard.html">
  <ShowMenu>true</ShowMenu>
  <Root>
    <Ratio>0.67235188509874322</Ratio>
    <Split>Horizontal</Split>
    <First>
      <Ratio>0.67423230974632842</Ratio>
      <Split>Horizontal</Split>
      <First>
        <Ratio>0.4453125</Ratio>
        <Split>Vertical</Split>
        <First>
          <Ratio>0</Ratio>
          <Split>Vertical</Split>
          <Name>gui/mapview</Name>
        </First>
        <Second>
          <Ratio>0.61734213006597549</Ratio>
          <Split>Vertical</Split>
          <First>
            <Ratio>0</Ratio>
            <Split>Vertical</Split>
            <Name>gui/ipcameraviewCam</Name>
          </First>
          <Second>
            <Ratio>0</Ratio>
            <Split>Vertical</Split>
            <Name>gui/batteryview</Name>
          </Second>
        </Second>
      </First>
      <Second>
        <Ratio>0.48333333333333334</Ratio>
        <Split>Vertical</Split>
        <First>
          <Ratio>0</Ratio>
          <Split>Vertical</Split>
          <Name>gui/differentialdriveviewAngular</Name>
        </First>
        <Second>
          <Ratio>0</Ratio>
          <Split>Vertical</Split>
          <Name>gui/differentialdriveviewLinear</Name>
        </Second>
      </Second>
    </First>
    <Second>
      <Ratio>0.76145833333333335</Ratio>
      <Split>Vertical</Split>
      <First>
        <Ratio>0.652530779753762</Ratio>
        <Split>Vertical</Split>
        <First>
          <Ratio>0</Ratio>
          <Split>Vertical</Split>
          <Name>gui/consoleview</Name>
        </First>
        <Second>
          <Ratio>0</Ratio>
          <Split>Vertical</Split>
          <Name>gui/ioview</Name>
        </Second>
      </First>
      <Second>
        <Ratio>0</Ratio>
        <Split>Vertical</Split>
        <Name>gui/diagnosticview</Name>
      </Second>
    </Second>
  </Root>
</DashboardState>