<?xml version="1.0"?>
<!--This file was created with the Microsoft Visual Programming Language.-->
<Manifest xmlns:dssp="http://schemas.microsoft.com/xw/2004/10/dssp.html" xmlns:this="urn:uuid:2e1fddc9-9c6a-4ec7-98de-86d86da77d17" xmlns:differentialdrivemotionmanager="http://www.robubox.com/navigation/lokarria/differentialdrivemotionmanager.html" xmlns:localization="http://www.robubox.com/lokarria/core/localization.html" xmlns:battery="http://www.robubox.com/lokarria/core/battery.html" xmlns:mapmanager="http://www.robubox.com/navigation/lokarria/mapmanager.html" xmlns:laser="http://www.robubox.com/lokarria/core/laser.html" xmlns="http://schemas.microsoft.com/xw/2004/10/manifest.html">
  <CreateServiceList>
    <ServiceRecordType>
      <dssp:Contract>http://www.robubox.com/lokarria/core/battery.html</dssp:Contract>
      <dssp:Service>http://localhost:80/lokarria/battery</dssp:Service>
      <dssp:PartnerList />
      <Name>this:Battery</Name>
    </ServiceRecordType>
    <ServiceRecordType>
      <dssp:Contract>http://www.robubox.com/lokarria/core/laser.html</dssp:Contract>
      <dssp:Service>http://localhost:80/lokarria/laser</dssp:Service>
      <dssp:PartnerList />
      <Name>this:Laser</Name>
    </ServiceRecordType>
    <ServiceRecordType>
      <dssp:Contract>http://www.robubox.com/lokarria/core/localization.html</dssp:Contract>
      <dssp:Service>http://localhost:80/lokarria/localization</dssp:Service>
      <dssp:PartnerList />
      <Name>this:Localization</Name>
    </ServiceRecordType>
    <ServiceRecordType>
      <dssp:Contract>http://www.robubox.com/navigation/lokarria/differentialdrivemotionmanager.html</dssp:Contract>
      <dssp:Service>http://localhost:80/lokarria/navigation/motionmanager</dssp:Service>
      <dssp:PartnerList />
      <Name>this:DifferentialDriveMotionManager</Name>
    </ServiceRecordType>
    <ServiceRecordType>
      <dssp:Contract>http://www.robubox.com/navigation/lokarria/mapmanager.html</dssp:Contract>
      <dssp:Service>http://localhost:80/lokarria/navigation/mapmanager</dssp:Service>
      <dssp:PartnerList>
        <dssp:Partner>
          <dssp:Contract>http://www.robubox.com/navigation/mapmanager.html</dssp:Contract>
          <dssp:Service>http://localhost:50000/navigation/plannermapmanager</dssp:Service>
          <dssp:PartnerList />
          <dssp:Name>mapmanager:mapmgr</dssp:Name>
        </dssp:Partner>
      </dssp:PartnerList>
      <Name>this:MapManager</Name>
    </ServiceRecordType>
  </CreateServiceList>
</Manifest>