<?xml version="1.0"?>
<!--This file was created with the Microsoft Visual Programming Language.-->
<Manifest xmlns:differentialdriveclient="http://www.robubox.com/pure/differentialdriveclient.html" xmlns:localizationclient="http://www.robubox.com/pure/localizationclient.html" xmlns:laserclient="http://www.robubox.com/pure/laserclient.html" xmlns:driveclient="http://www.robubox.com/pure/driveclient.html" xmlns:this="urn:uuid:ca372eef-fa2f-4d27-a0c4-51c9b522f7b8" xmlns:trajectoryfollowerclient="http://www.robubox.com/pure/trajectoryfollowerclient.html" xmlns:telemeterclient="http://www.robubox.com/pure/telemeterclient.html" xmlns:diagnosticclient="http://www.robubox.com/pure/diagnosticclient.html" xmlns:server="http://www.robubox.com/pure/server.html" xmlns:stepcontrollerclient="http://www.robubox.com/pure/stepcontrollerclient.html" xmlns:batteryclient="http://www.robubox.com/pure/batteryclient.html" xmlns:dssp="http://schemas.microsoft.com/xw/2004/10/dssp.html" xmlns:iocardclient="http://www.robubox.com/pure/iocardclient.html" xmlns="http://schemas.microsoft.com/xw/2004/10/manifest.html">
  <CreateServiceList>
    <ServiceRecordType>
      <dssp:Contract>http://www.robubox.com/pure/server.html</dssp:Contract>
      <dssp:Service>http://localhost:80/robulab/server</dssp:Service>
      <dssp:PartnerList>
        <dssp:Partner>
          <dssp:Contract>http://www.robubox.com/pure/server.html</dssp:Contract>
          <dssp:Service>server.config.xml</dssp:Service>
          <dssp:PartnerList />
          <dssp:Name>dssp:StateService</dssp:Name>
        </dssp:Partner>
      </dssp:PartnerList>
      <Name>this:server</Name>
    </ServiceRecordType>
    <ServiceRecordType>
      <dssp:Contract>http://www.robubox.com/pure/driveclient.html</dssp:Contract>
      <dssp:Service>http://localhost:80/robulab/drive</dssp:Service>
      <dssp:PartnerList>
        <dssp:Partner>
          <dssp:Contract>http://www.robubox.com/pure/driveclient.html</dssp:Contract>
          <dssp:Service>drive.config.xml</dssp:Service>
          <dssp:PartnerList />
          <dssp:Name>dssp:StateService</dssp:Name>
        </dssp:Partner>
        <dssp:Partner>
          <dssp:Contract>http://www.robubox.com/pure/server.html</dssp:Contract>
          <dssp:PartnerList />
          <dssp:Name>driveclient:puretransport</dssp:Name>
          <dssp:ServiceName>this:server</dssp:ServiceName>
        </dssp:Partner>
      </dssp:PartnerList>
      <Name>this:drive</Name>
    </ServiceRecordType>
    <ServiceRecordType>
      <dssp:Contract>http://www.robubox.com/pure/differentialdriveclient.html</dssp:Contract>
      <dssp:Service>http://localhost:80/robulab/differential</dssp:Service>
      <dssp:PartnerList>
        <dssp:Partner>
          <dssp:Contract>http://www.robubox.com/pure/differentialdriveclient.html</dssp:Contract>
          <dssp:Service>differentialdrive.config.xml</dssp:Service>
          <dssp:PartnerList />
          <dssp:Name>dssp:StateService</dssp:Name>
        </dssp:Partner>
        <dssp:Partner>
          <dssp:Contract>http://www.robubox.com/pure/server.html</dssp:Contract>
          <dssp:PartnerList />
          <dssp:Name>differentialdriveclient:puretransport</dssp:Name>
          <dssp:ServiceName>this:server</dssp:ServiceName>
        </dssp:Partner>
      </dssp:PartnerList>
      <Name>this:differential</Name>
    </ServiceRecordType>
    <ServiceRecordType>
      <dssp:Contract>http://www.robubox.com/pure/batteryclient.html</dssp:Contract>
      <dssp:Service>http://localhost:80/robulab/battery</dssp:Service>
      <dssp:PartnerList>
        <dssp:Partner>
          <dssp:Contract>http://www.robubox.com/pure/batteryclient.html</dssp:Contract>
          <dssp:Service>battery.config.xml</dssp:Service>
          <dssp:PartnerList />
          <dssp:Name>dssp:StateService</dssp:Name>
        </dssp:Partner>
        <dssp:Partner>
          <dssp:Contract>http://www.robubox.com/pure/server.html</dssp:Contract>
          <dssp:PartnerList />
          <dssp:Name>batteryclient:server</dssp:Name>
          <dssp:ServiceName>this:server</dssp:ServiceName>
        </dssp:Partner>
      </dssp:PartnerList>
      <Name>this:battery</Name>
    </ServiceRecordType>
    <ServiceRecordType>
      <dssp:Contract>http://www.robubox.com/pure/laserclient.html</dssp:Contract>
      <dssp:Service>http://localhost:80/robulab/laser</dssp:Service>
      <dssp:PartnerList>
        <dssp:Partner>
          <dssp:Contract>http://www.robubox.com/pure/laserclient.html</dssp:Contract>
          <dssp:Service>laser.config.xml</dssp:Service>
          <dssp:PartnerList />
          <dssp:Name>dssp:StateService</dssp:Name>
        </dssp:Partner>
        <dssp:Partner>
          <dssp:Contract>http://www.robubox.com/pure/server.html</dssp:Contract>
          <dssp:PartnerList />
          <dssp:Name>laserclient:server</dssp:Name>
          <dssp:ServiceName>this:server</dssp:ServiceName>
        </dssp:Partner>
      </dssp:PartnerList>
      <Name>this:laser</Name>
    </ServiceRecordType>
    <ServiceRecordType>
      <dssp:Contract>http://www.robubox.com/pure/localizationclient.html</dssp:Contract>
      <dssp:Service>http://localhost:80/robulab/localization</dssp:Service>
      <dssp:PartnerList>
        <dssp:Partner>
          <dssp:Contract>http://www.robubox.com/pure/localizationclient.html</dssp:Contract>
          <dssp:Service>localization.config.xml</dssp:Service>
          <dssp:PartnerList />
          <dssp:Name>dssp:StateService</dssp:Name>
        </dssp:Partner>
        <dssp:Partner>
          <dssp:Contract>http://www.robubox.com/pure/server.html</dssp:Contract>
          <dssp:PartnerList />
          <dssp:Name>localizationclient:pureclient</dssp:Name>
          <dssp:ServiceName>this:server</dssp:ServiceName>
        </dssp:Partner>
      </dssp:PartnerList>
      <Name>this:localization</Name>
    </ServiceRecordType>
    <ServiceRecordType>
      <dssp:Contract>http://www.robubox.com/pure/telemeterclient.html</dssp:Contract>
      <dssp:Service>http://localhost:80/robulab/infrared</dssp:Service>
      <dssp:PartnerList>
        <dssp:Partner>
          <dssp:Contract>http://www.robubox.com/pure/telemeterclient.html</dssp:Contract>
          <dssp:Service>infrared.config.xml</dssp:Service>
          <dssp:PartnerList />
          <dssp:Name>dssp:StateService</dssp:Name>
        </dssp:Partner>
        <dssp:Partner>
          <dssp:Contract>http://www.robubox.com/pure/server.html</dssp:Contract>
          <dssp:PartnerList />
          <dssp:Name>telemeterclient:puretransport</dssp:Name>
          <dssp:ServiceName>this:server</dssp:ServiceName>
        </dssp:Partner>
      </dssp:PartnerList>
      <Name>this:infrared</Name>
    </ServiceRecordType>
    <ServiceRecordType>
      <dssp:Contract>http://www.robubox.com/pure/telemeterclient.html</dssp:Contract>
      <dssp:Service>http://localhost:80/robulab/ultrasound</dssp:Service>
      <dssp:PartnerList>
        <dssp:Partner>
          <dssp:Contract>http://www.robubox.com/pure/telemeterclient.html</dssp:Contract>
          <dssp:Service>ultrasound.config.xml</dssp:Service>
          <dssp:PartnerList />
          <dssp:Name>dssp:StateService</dssp:Name>
        </dssp:Partner>
        <dssp:Partner>
          <dssp:Contract>http://www.robubox.com/pure/server.html</dssp:Contract>
          <dssp:PartnerList />
          <dssp:Name>telemeterclient:puretransport</dssp:Name>
          <dssp:ServiceName>this:server</dssp:ServiceName>
        </dssp:Partner>
      </dssp:PartnerList>
      <Name>this:ultrasound</Name>
    </ServiceRecordType>
    <ServiceRecordType>
      <dssp:Contract>http://www.robubox.com/pure/diagnosticclient.html</dssp:Contract>
      <dssp:Service>http://localhost:80/robulab/diagnostic</dssp:Service>
      <dssp:PartnerList>
        <dssp:Partner>
          <dssp:Contract>http://www.robubox.com/pure/diagnosticclient.html</dssp:Contract>
          <dssp:Service>diagnostic.config.xml</dssp:Service>
          <dssp:PartnerList />
          <dssp:Name>dssp:StateService</dssp:Name>
        </dssp:Partner>
        <dssp:Partner>
          <dssp:Contract>http://www.robubox.com/pure/server.html</dssp:Contract>
          <dssp:PartnerList />
          <dssp:Name>diagnosticclient:server</dssp:Name>
          <dssp:ServiceName>this:server</dssp:ServiceName>
        </dssp:Partner>
      </dssp:PartnerList>
      <Name>this:diagnostic</Name>
    </ServiceRecordType>
    <ServiceRecordType>
      <dssp:Contract>http://www.robubox.com/pure/iocardclient.html</dssp:Contract>
      <dssp:Service>http://localhost:80/robulab/io</dssp:Service>
      <dssp:PartnerList>
        <dssp:Partner>
          <dssp:Contract>http://www.robubox.com/pure/iocardclient.html</dssp:Contract>
          <dssp:Service>io.config.xml</dssp:Service>
          <dssp:PartnerList />
          <dssp:Name>dssp:StateService</dssp:Name>
        </dssp:Partner>
        <dssp:Partner>
          <dssp:Contract>http://www.robubox.com/pure/server.html</dssp:Contract>
          <dssp:PartnerList />
          <dssp:Name>iocardclient:server</dssp:Name>
          <dssp:ServiceName>this:server</dssp:ServiceName>
        </dssp:Partner>
      </dssp:PartnerList>
      <Name>this:io</Name>
    </ServiceRecordType>
    <ServiceRecordType>
      <dssp:Contract>http://www.robubox.com/pure/trajectoryfollowerclient.html</dssp:Contract>
      <dssp:Service>http://localhost:80/robulab/trajectoryfollower</dssp:Service>
      <dssp:PartnerList>
        <dssp:Partner>
          <dssp:Contract>http://www.robubox.com/pure/trajectoryfollowerclient.html</dssp:Contract>
          <dssp:Service>trajectoryfollower.config.xml</dssp:Service>
          <dssp:PartnerList />
          <dssp:Name>dssp:StateService</dssp:Name>
        </dssp:Partner>
        <dssp:Partner>
          <dssp:Contract>http://www.robubox.com/pure/server.html</dssp:Contract>
          <dssp:PartnerList />
          <dssp:Name>trajectoryfollowerclient:server</dssp:Name>
          <dssp:ServiceName>this:server</dssp:ServiceName>
        </dssp:Partner>
      </dssp:PartnerList>
      <Name>this:trajectoryfollower</Name>
    </ServiceRecordType>
    <ServiceRecordType>
      <dssp:Contract>http://www.robubox.com/pure/stepcontrollerclient.html</dssp:Contract>
      <dssp:Service>http://localhost:80/robulab/stepcontrol</dssp:Service>
      <dssp:PartnerList>
        <dssp:Partner>
          <dssp:Contract>http://www.robubox.com/pure/stepcontrollerclient.html</dssp:Contract>
          <dssp:Service>stepcontrol.config.xml</dssp:Service>
          <dssp:PartnerList />
          <dssp:Name>dssp:StateService</dssp:Name>
        </dssp:Partner>
        <dssp:Partner>
          <dssp:Contract>http://www.robubox.com/pure/server.html</dssp:Contract>
          <dssp:PartnerList />
          <dssp:Name>stepcontrollerclient:puretransport</dssp:Name>
          <dssp:ServiceName>this:server</dssp:ServiceName>
        </dssp:Partner>
      </dssp:PartnerList>
      <Name>this:StepControl</Name>
    </ServiceRecordType>
  </CreateServiceList>
</Manifest>