﻿<?xml version="1.0" encoding="utf-8"?>
<PureBatteryClientState xmlns:xsd="http://www.w3.org/2001/XMLSchema" xmlns:xsi="http://www.w3.org/2001/XMLSchema-instance" xmlns="http://www.robubox.com/pure/batteryclient.html">
	<Instance>10</Instance>
	<NotificationPeriod>0</NotificationPeriod>
	<BatteryState xmlns="http://www.robubox.com/core/devices/battery.html">
		<Timestamp>0</Timestamp>
		<Properties>
			<Voltage>0</Voltage>
			<Power>0</Power>
			<Critical>0</Critical>
		</Properties>
		<Status>Status_Charging</Status>
		<Remaining>0</Remaining>
	</BatteryState>
</PureBatteryClientState>