﻿<?xml version="1.0" encoding="utf-8"?>
<PureDifferentialDriveClientState xmlns:xsd="http://www.w3.org/2001/XMLSchema" xmlns:xsi="http://www.w3.org/2001/XMLSchema-instance" xmlns="http://www.robubox.com/pure/differentialdriveclient.html">
	<Instance>3</Instance>
	<NotificationPeriod>1</NotificationPeriod>
	<DifferentialDriveState xmlns="http://www.robubox.com/core/devices/differentialdrive.html">
		<Timestamp>0</Timestamp>
		<Command>
			<TargetLinearSpeed>0</TargetLinearSpeed>
			<TargetAngularSpeed>0</TargetAngularSpeed>
		</Command>
		<Feedback>
			<Enabled>false</Enabled>
			<CurrentLinearSpeed>0</CurrentLinearSpeed>
			<CurrentAngularSpeed>0</CurrentAngularSpeed>
		</Feedback>
		<Properties>
			<MaxLinearSpeed>0</MaxLinearSpeed>
			<MinLinearSpeed>0</MinLinearSpeed>
			<MaxAngularSpeed>0</MaxAngularSpeed>
			<MinAngularSpeed>0</MinAngularSpeed>
			<MaxLinearAcceleration>0</MaxLinearAcceleration>
			<MaxLinearDeceleration>0</MaxLinearDeceleration>
			<MaxAngularAcceleration>0</MaxAngularAcceleration>
			<MaxAngularDeceleration>0</MaxAngularDeceleration>
			<Width>0</Width>
		</Properties>
	</DifferentialDriveState>
</PureDifferentialDriveClientState>