﻿<?xml version="1.0" encoding="utf-8"?>
<PureIOCardClientState xmlns:xsd="http://www.w3.org/2001/XMLSchema" xmlns:xsi="http://www.w3.org/2001/XMLSchema-instance" xmlns="http://www.robubox.com/pure/iocardclient.html">
	<Instance>2</Instance>
	<NotificationPeriod>1</NotificationPeriod>
	<IOCardState xmlns="http://www.robubox.com/core/devices/iocard.html">
		<Timestamp>0</Timestamp>
		<DigitalInputs />
		<DigitalOutputs />
		<AnalogInputs />
		<AnalogOutputs />
	</IOCardState>
</PureIOCardClientState>