﻿<?xml version="1.0" encoding="utf-8"?>
<PureLocalizationClientState xmlns:xsd="http://www.w3.org/2001/XMLSchema" xmlns:xsi="http://www.w3.org/2001/XMLSchema-instance" xmlns="http://www.robubox.com/pure/localizationclient.html">
	<Instance>5</Instance>
	<NotificationPeriod>1</NotificationPeriod>
	<LocalizationState xmlns="http://www.robubox.com/core/signal/localization.html">
		<Timestamp>0</Timestamp>
		<Pose xmlns="http://www.robubox.com/core.html">
			<Position>
				<X>0</X>
				<Y>0</Y>
				<Z>0</Z>
			</Position>
			<Orientation>
				<X>0</X>
				<Y>0</Y>
				<Z>0</Z>
				<W>0</W>
			</Orientation>
		</Pose>
		<Status>Invalid</Status>
	</LocalizationState>
</PureLocalizationClientState>