﻿<?xml version="1.0" encoding="utf-8"?>
<PureStepControlClientState xmlns:xsd="http://www.w3.org/2001/XMLSchema" xmlns:xsi="http://www.w3.org/2001/XMLSchema-instance" xmlns="http://www.robubox.com/pure/stepcontrollerclient.html">
	<Instance>12</Instance>
	<NotificationPeriod>10</NotificationPeriod>
	<StepState xmlns="http://www.robubox.con/core/step.html">
		<LastCommandReceived>
			<Distance>0</Distance>
			<MaxSpeed>0</MaxSpeed>
			<Motion>Translation</Motion>
		</LastCommandReceived>
		<FeedBack>
			<DistanceTravelled>0</DistanceTravelled>
			<Status>Moving</Status>
		</FeedBack>
	</StepState>
</PureStepControlClientState>